VSNRE00,瑞光路,瑞光路390號車道出口對面人行道上,1,南,2016-05-01,00:00:00,96.0,41.26,1.12,239.0,Sun
VSNRE00,瑞光路,瑞光路390號車道出口對面人行道上,1,南,2016-05-01,01:00:00,73.49999,37.52,1.24,242.18,Sun
VSNRE00,瑞光路,瑞光路390號車道出口對面人行道上,1,南,2016-05-01,02:00:00,38.0,36.62,0.57,247.32,Sun
VSNRE00,瑞光路,瑞光路390號車道出口對面人行道上,1,南,2016-05-01,03:00:00,37.24138,39.44,0.66,248.05,Sun
VSNRE00,瑞光路,瑞光路390號車道出口對面人行道上,1,南,2016-05-02,07:00:00,90.0,35.77,1.43,239.05,Mon
VSNRE00,瑞光路,瑞光路390號車道出口對面人行道上,1,南,2016-05-02,08:00:00,143.87755,35.79,2.22,218.28,Mon
VSNRE00,瑞光路,瑞光路390號車道出口對面人行道上,1,南,2016-05-02,09:00:00,220.64517,34.37,4.49,165.77,Mon
VSNRE00,瑞光路,瑞光路390號車道出口對面人行道上,1,南,2016-05-02,10:00:00,232.5,36.72,3.83,177.08,Mon
VSNRE00,瑞光路,瑞光路390號車道出口對面人行道上,1,南,2016-05-02,11:00:00,255.5,36.11,4.05,155.48,Mon
VSNRE00,瑞光路,瑞光路390號車道出口對面人行道上,1,南,2016-05-02,12:00:00,298.0,37.82,4.45,142.45,Mon
VSNRE00,瑞光路,瑞光路390號車道出口對面人行道上,1,南,2016-05-02,13:00:00,257.0,37.66,3.75,161.55,Mon
VSNRE00,瑞光路,瑞光路390號車道出口對面人行道上,1,南,2016-05-02,14:00:00,300.5,36.73,4.58,146.05,Mon
VSNRE00,瑞光路,瑞光路390號車道出口對面人行道上,1,南,2016-05-02,15:00:00,289.0,36.92,4.32,148.75,Mon
VSNRE00,瑞光路,瑞光路390號車道出口對面人行道上,1,南,2016-05-02,16:00:00,321.5,36.67,4.95,138.08,Mon
VSNRE00,瑞光路,瑞光路390號車道出口對面人行道上,1,南,2016-05-02,17:00:00,295.5,35.5,5.82,141.7,Mon
VSNRE00,瑞光路,瑞光路390號車道出口對面人行道上,1,南,2016-05-02,18:00:00,293.5,36.52,4.78,147.15,Mon
VSNRE00,瑞光路,瑞光路390號車道出口對面人行道上,1,南,2016-05-02,19:00:00,343.0,34.5,6.18,131.6,Mon
VSNRE00,瑞光路,瑞光路390號車道出口對面人行道上,1,南,2016-05-02,20:00:00,268.0,36.07,4.47,153.63,Mon
VSNRE00,瑞光路,瑞光路390號車道出口對面人行道上,1,南,2016-05-02,21:00:00,204.5,36.01,3.2,184.28,Mon
VSNRE00,瑞光路,瑞光路390號車道出口對面人行道上,1,南,2016-05-02,22:00:00,196.0,35.59,3.02,191.42,Mon
VSNRE00,瑞光路,瑞光路390號車道出口對面人行道上,1,南,2016-05-02,23:00:00,128.0,38.13,1.92,225.45,Mon
VSNRE00,瑞光路,瑞光路390號車道出口對面人行道上,1,南,2016-05-03,00:00:00,84.5,38.16,1.13,240.72,Tue
VSNRE00,瑞光路,瑞光路390號車道出口對面人行道上,1,南,2016-05-03,01:00:00,53.571426,39.39,0.98,244.76,Tue
VSNRE00,瑞光路,瑞光路390號車道出口對面人行道上,1,南,2016-05-03,02:00:00,34.5,34.33,0.88,247.62,Tue
VSNRE00,瑞光路,瑞光路390號車道出口對面人行道上,1,南,2016-05-03,03:00:00,17.586206,35.88,0.29,250.0,Tue
VSNRE00,瑞光路,瑞光路390號車道出口對面人行道上,1,南,2016-05-03,04:00:00,18.0,38.65,0.28,250.0,Tue
VSNRE00,瑞光路,瑞光路390號車道出口對面人行道上,1,南,2016-05-04,21:00:00,395.76926,35.68,7.27,96.8,Wed
VSNRE00,瑞光路,瑞光路390號車道出口對面人行道上,1,南,2016-05-04,22:00:00,321.0,37.24,4.92,140.95,Wed
VSNRE00,瑞光路,瑞光路390號車道出口對面人行道上,1,南,2016-05-04,23:00:00,234.5,36.69,3.62,174.62,Wed
VSNRE00,瑞光路,瑞光路390號車道出口對面人行道上,1,南,2016-05-05,00:00:00,131.02042,38.36,1.87,219.62,Thu
VSNRE00,瑞光路,瑞光路390號車道出口對面人行道上,1,南,2016-05-05,01:00:00,71.61291,37.27,1.0,235.63,Thu
VSNRE00,瑞光路,瑞光路390號車道出口對面人行道上,1,南,2016-05-05,02:00:00,48.0,36.96,0.72,244.38,Thu
VSNRE00,瑞光路,瑞光路390號車道出口對面人行道上,1,南,2016-05-05,03:00:00,32.58621,35.57,0.57,246.78,Thu
VSNRE00,瑞光路,瑞光路390號車道出口對面人行道上,1,南,2016-05-05,04:00:00,15.5,33.73,0.25,250.0,Thu
VSNRE00,瑞光路,瑞光路390號車道出口對面人行道上,1,南,2016-05-05,05:00:00,20.0,34.63,0.25,250.0,Thu
VSNRE00,瑞光路,瑞光路390號車道出口對面人行道上,1,南,2016-05-05,06:00:00,30.0,34.93,0.45,250.0,Thu
VSNRE00,瑞光路,瑞光路390號車道出口對面人行道上,1,南,2016-05-05,07:00:00,96.0,35.83,1.38,235.92,Thu
VSNRE00,瑞光路,瑞光路390號車道出口對面人行道上,1,南,2016-05-05,08:00:00,245.0,37.05,3.5,163.38,Thu
VSNRE00,瑞光路,瑞光路390號車道出口對面人行道上,1,南,2016-05-05,09:00:00,578.0,35.4,9.9,72.38,Thu
VSNRE00,瑞光路,瑞光路390號車道出口對面人行道上,1,南,2016-05-05,10:00:00,615.0,33.54,12.17,68.62,Thu
VSNRE00,瑞光路,瑞光路390號車道出口對面人行道上,1,南,2016-05-05,11:00:00,558.5,35.43,10.02,77.73,Thu
VSNRE00,瑞光路,瑞光路390號車道出口對面人行道上,1,南,2016-05-05,12:00:00,589.5,34.83,10.67,66.82,Thu
VSNRE00,瑞光路,瑞光路390號車道出口對面人行道上,1,南,2016-05-05,13:00:00,455.0,35.39,7.92,104.78,Thu
VSNRE00,瑞光路,瑞光路390號車道出口對面人行道上,1,南,2016-05-05,14:00:00,549.0,35.37,9.28,72.27,Thu
VSNRE00,瑞光路,瑞光路390號車道出口對面人行道上,1,南,2016-05-05,15:00:00,627.5,32.0,13.92,58.3,Thu
VSNRE00,瑞光路,瑞光路390號車道出口對面人行道上,1,南,2016-05-05,16:00:00,633.0,31.74,12.93,61.75,Thu
VSNRE00,瑞光路,瑞光路390號車道出口對面人行道上,1,南,2016-05-05,17:00:00,554.0,34.14,10.97,71.38,Thu
VSNRE00,瑞光路,瑞光路390號車道出口對面人行道上,1,南,2016-05-05,18:00:00,629.5,30.650002,15.25,60.52,Thu
VSNRE00,瑞光路,瑞光路390號車道出口對面人行道上,1,南,2016-05-05,19:00:00,664.5,21.76,34.18,54.23,Thu
VSNRE00,瑞光路,瑞光路390號車道出口對面人行道上,1,南,2016-05-05,20:00:00,596.0,35.46,10.62,74.78,Thu
VSNRE00,瑞光路,瑞光路390號車道出口對面人行道上,1,南,2016-05-05,21:00:00,428.5,35.69,7.12,100.22,Thu
VSNRE00,瑞光路,瑞光路390號車道出口對面人行道上,1,南,2016-05-05,22:00:00,332.0,36.03,5.28,131.1,Thu
VSNRE00,瑞光路,瑞光路390號車道出口對面人行道上,1,南,2016-05-05,23:00:00,215.5,36.05,3.23,182.12,Thu
VSNRE00,瑞光路,瑞光路390號車道出口對面人行道上,1,南,2016-05-06,00:00:00,133.5,38.21,1.82,218.65,Fri
VSNRE00,瑞光路,瑞光路390號車道出口對面人行道上,1,南,2016-05-06,01:00:00,72.5,37.89,1.05,243.02,Fri
VSNRE00,瑞光路,瑞光路390號車道出口對面人行道上,1,南,2016-05-06,02:00:00,52.0,35.2,0.77,245.53,Fri
VSNRE00,瑞光路,瑞光路390號車道出口對面人行道上,1,南,2016-05-06,03:00:00,35.172413,36.47,0.53,249.08,Fri
VSNRE00,瑞光路,瑞光路390號車道出口對面人行道上,1,南,2016-05-06,04:00:00,11.0,37.1,0.23,250.0,Fri
VSNRE00,瑞光路,瑞光路390號車道出口對面人行道上,1,南,2016-05-06,05:00:00,18.5,37.0,0.27,250.0,Fri
VSNRE00,瑞光路,瑞光路390號車道出口對面人行道上,1,南,2016-05-06,06:00:00,23.5,37.0,0.32,249.08,Fri
VSNRE00,瑞光路,瑞光路390號車道出口對面人行道上,1,南,2016-05-06,07:00:00,91.5,38.33,1.48,235.83,Fri
VSNRE00,瑞光路,瑞光路390號車道出口對面人行道上,1,南,2016-05-06,08:00:00,274.5,37.83,4.67,158.57,Fri
VSNRE00,瑞光路,瑞光路390號車道出口對面人行道上,1,南,2016-05-06,09:00:00,634.0,31.290003,16.05,66.87,Fri
VSNRE00,瑞光路,瑞光路390號車道出口對面人行道上,1,南,2016-05-06,10:00:00,664.5,33.92,13.13,59.63,Fri
VSNRE00,瑞光路,瑞光路390號車道出口對面人行道上,1,南,2016-05-06,11:00:00,625.9322,33.89,13.23,59.2,Fri
VSNRE00,瑞光路,瑞光路390號車道出口對面人行道上,1,南,2016-05-06,12:00:00,538.0,33.07,11.13,71.33,Fri
VSNRE00,瑞光路,瑞光路390號車道出口對面人行道上,1,南,2016-05-06,13:00:00,453.1579,23.42,30.13,85.74,Fri
VSNRE00,瑞光路,瑞光路390號車道出口對面人行道上,1,南,2016-05-06,14:00:00,436.5,30.35,17.9,88.38,Fri
VSNRE00,瑞光路,瑞光路390號車道出口對面人行道上,1,南,2016-05-06,15:00:00,503.0,25.47,27.35,83.12,Fri
VSNRE00,瑞光路,瑞光路390號車道出口對面人行道上,1,南,2016-05-06,16:00:00,558.5,34.19,12.25,74.5,Fri
VSNRE00,瑞光路,瑞光路390號車道出口對面人行道上,1,南,2016-05-06,17:00:00,558.5,36.35,10.3,71.33,Fri
VSNRE00,瑞光路,瑞光路390號車道出口對面人行道上,1,南,2016-05-06,18:00:00,582.0,33.29,11.3,74.17,Fri
VSNRE00,瑞光路,瑞光路390號車道出口對面人行道上,1,南,2016-05-06,19:00:00,621.0,15.080001,39.33,50.32,Fri
VSNRE00,瑞光路,瑞光路390號車道出口對面人行道上,1,南,2016-05-06,20:00:00,532.0,33.58,11.08,77.53,Fri
VSNRE00,瑞光路,瑞光路390號車道出口對面人行道上,1,南,2016-05-06,21:00:00,390.5,35.5,6.58,117.15,Fri
VSNRE00,瑞光路,瑞光路390號車道出口對面人行道上,1,南,2016-05-06,22:00:00,372.0,34.44,6.6,120.67,Fri
VSNRE00,瑞光路,瑞光路390號車道出口對面人行道上,1,南,2016-05-06,23:00:00,201.5,35.31,3.3,187.15,Fri
VSNRE00,瑞光路,瑞光路390號車道出口對面人行道上,1,南,2016-05-07,00:00:00,133.5,35.68,1.9,219.28,Sat
VSNRE00,瑞光路,瑞光路390號車道出口對面人行道上,1,南,2016-05-07,01:00:00,85.0,38.16,1.28,239.43,Sat
VSNRE00,瑞光路,瑞光路390號車道出口對面人行道上,1,南,2016-05-07,02:00:00,55.0,35.76,0.78,246.17,Sat
VSNRE00,瑞光路,瑞光路390號車道出口對面人行道上,1,南,2016-05-07,03:00:00,28.98305,36.21,0.42,248.12,Sat
VSNRE00,瑞光路,瑞光路390號車道出口對面人行道上,1,南,2016-05-07,04:00:00,13.5,35.23,0.25,250.0,Sat
VSNRE00,瑞光路,瑞光路390號車道出口對面人行道上,1,南,2016-05-07,05:00:00,13.0,34.38,0.18,250.0,Sat
VSNRE00,瑞光路,瑞光路390號車道出口對面人行道上,1,南,2016-05-07,06:00:00,24.0,36.43,0.37,250.0,Sat
VSNRE00,瑞光路,瑞光路390號車道出口對面人行道上,1,南,2016-05-07,07:00:00,74.0,39.36,1.13,242.03,Sat
VSNRE00,瑞光路,瑞光路390號車道出口對面人行道上,1,南,2016-05-07,08:00:00,118.0,39.16,1.88,223.98,Sat
VSNRE00,瑞光路,瑞光路390號車道出口對面人行道上,1,南,2016-05-07,09:00:00,205.5,38.17,3.15,187.33,Sat
VSNRE00,瑞光路,瑞光路390號車道出口對面人行道上,1,南,2016-05-07,10:00:00,248.0,38.24,3.57,167.82,Sat
VSNRE00,瑞光路,瑞光路390號車道出口對面人行道上,1,南,2016-05-07,11:00:00,300.5,37.76,4.53,151.75,Sat
VSNRE00,瑞光路,瑞光路390號車道出口對面人行道上,1,南,2016-05-07,12:00:00,302.0,37.23,4.95,137.08,Sat
VSNRE00,瑞光路,瑞光路390號車道出口對面人行道上,1,南,2016-05-07,13:00:00,334.0,36.27,5.07,132.25,Sat
VSNRE00,瑞光路,瑞光路390號車道出口對面人行道上,1,南,2016-05-07,14:00:00,337.5,37.62,5.53,129.92,Sat
VSNRE00,瑞光路,瑞光路390號車道出口對面人行道上,1,南,2016-05-07,15:00:00,335.0,36.73,5.22,128.15,Sat
VSNRE00,瑞光路,瑞光路390號車道出口對面人行道上,1,南,2016-05-07,16:00:00,340.5,36.85,5.3,130.02,Sat
VSNRE00,瑞光路,瑞光路390號車道出口對面人行道上,1,南,2016-05-07,17:00:00,287.0,36.73,4.53,146.23,Sat
VSNRE00,瑞光路,瑞光路390號車道出口對面人行道上,1,南,2016-05-07,18:00:00,333.0,38.82,4.92,128.68,Sat
VSNRE00,瑞光路,瑞光路390號車道出口對面人行道上,1,南,2016-05-07,19:00:00,312.0,37.69,4.7,138.17,Sat
VSNRE00,瑞光路,瑞光路390號車道出口對面人行道上,1,南,2016-05-07,20:00:00,295.5,35.25,4.9,142.97,Sat
VSNRE00,瑞光路,瑞光路390號車道出口對面人行道上,1,南,2016-05-07,21:00:00,258.5,36.86,4.13,160.95,Sat
VSNRE00,瑞光路,瑞光路390號車道出口對面人行道上,1,南,2016-05-07,22:00:00,245.0,36.910004,3.93,167.97,Sat
VSNRE00,瑞光路,瑞光路390號車道出口對面人行道上,1,南,2016-05-07,23:00:00,174.5,35.17,2.7,205.82,Sat
VSNRE00,瑞光路,瑞光路390號車道出口對面人行道上,1,南,2016-05-08,00:00:00,97.5,37.51,1.62,237.32,Sun
VSNRE00,瑞光路,瑞光路390號車道出口對面人行道上,1,南,2016-05-08,01:00:00,51.0,39.19,0.67,247.17,Sun
VSNRE00,瑞光路,瑞光路390號車道出口對面人行道上,1,南,2016-05-08,02:00:00,34.0,37.28,0.52,250.0,Sun
VSNRE00,瑞光路,瑞光路390號車道出口對面人行道上,1,南,2016-05-08,03:00:00,31.034483,39.44,0.48,250.0,Sun
VSNRE00,瑞光路,瑞光路390號車道出口對面人行道上,1,南,2016-05-08,04:00:00,15.0,39.0,0.28,250.0,Sun
VSNRE00,瑞光路,瑞光路390號車道出口對面人行道上,1,南,2016-05-08,05:00:00,15.0,39.529995,0.23,250.0,Sun
VSNRE00,瑞光路,瑞光路390號車道出口對面人行道上,1,南,2016-05-08,06:00:00,26.5,39.54,0.4,248.23,Sun
VSNRE00,瑞光路,瑞光路390號車道出口對面人行道上,1,南,2016-05-08,07:00:00,61.0,38.58,0.93,245.48,Sun
VSNRE00,瑞光路,瑞光路390號車道出口對面人行道上,1,南,2016-05-08,08:00:00,77.0,35.87,1.32,237.9,Sun
VSNRE00,瑞光路,瑞光路390號車道出口對面人行道上,1,南,2016-05-08,09:00:00,124.0,39.21,1.93,222.4,Sun
VSNRE00,瑞光路,瑞光路390號車道出口對面人行道上,1,南,2016-05-08,10:00:00,159.0,37.68,2.3,202.93,Sun
VSNRE00,瑞光路,瑞光路390號車道出口對面人行道上,1,南,2016-05-08,11:00:00,225.5,37.26,3.33,178.13,Sun
VSNRE00,瑞光路,瑞光路390號車道出口對面人行道上,1,南,2016-05-08,12:00:00,281.0,38.8,4.12,148.35,Sun
VSNRE00,瑞光路,瑞光路390號車道出口對面人行道上,1,南,2016-05-08,13:00:00,290.5,37.62,4.25,142.85,Sun
VSNRE00,瑞光路,瑞光路390號車道出口對面人行道上,1,南,2016-05-08,14:00:00,366.0,37.58,5.62,121.43,Sun
VSNRE00,瑞光路,瑞光路390號車道出口對面人行道上,1,南,2016-05-08,15:00:00,319.0,36.26,5.18,135.05,Sun
VSNRE00,瑞光路,瑞光路390號車道出口對面人行道上,1,南,2016-05-08,16:00:00,308.0,37.07,4.92,149.37,Sun
VSNRE00,瑞光路,瑞光路390號車道出口對面人行道上,1,南,2016-05-08,17:00:00,275.5,37.29,4.28,161.27,Sun
VSNRE00,瑞光路,瑞光路390號車道出口對面人行道上,1,南,2016-05-08,18:00:00,326.5,37.48,5.23,133.52,Sun
VSNRE00,瑞光路,瑞光路390號車道出口對面人行道上,1,南,2016-05-08,19:00:00,279.0,37.04,4.38,153.08,Sun
VSNRE00,瑞光路,瑞光路390號車道出口對面人行道上,1,南,2016-05-08,20:00:00,288.5,34.09,5.05,148.57,Sun
VSNRE00,瑞光路,瑞光路390號車道出口對面人行道上,1,南,2016-05-08,21:00:00,255.0,36.38,3.97,161.23,Sun
VSNRE00,瑞光路,瑞光路390號車道出口對面人行道上,1,南,2016-05-08,22:00:00,213.5,35.77,3.33,178.13,Sun
VSNRE00,瑞光路,瑞光路390號車道出口對面人行道上,1,南,2016-05-08,23:00:00,119.47369,38.28,1.85,222.17,Sun
VSNRE00,瑞光路,瑞光路390號車道出口對面人行道上,1,南,2016-05-09,00:00:00,70.5,38.62,1.17,241.28,Mon
VSNRE00,瑞光路,瑞光路390號車道出口對面人行道上,1,南,2016-05-09,01:00:00,58.0,37.65,0.87,246.45,Mon
VSNRE00,瑞光路,瑞光路390號車道出口對面人行道上,1,南,2016-05-09,02:00:00,30.0,34.39,0.5,250.0,Mon
VSNRE00,瑞光路,瑞光路390號車道出口對面人行道上,1,南,2016-05-09,03:00:00,19.830507,39.95,0.38,250.0,Mon
VSNRE00,瑞光路,瑞光路390號車道出口對面人行道上,1,南,2016-05-09,04:00:00,9.5,38.88,0.17,250.0,Mon
VSNRE00,瑞光路,瑞光路390號車道出口對面人行道上,1,南,2016-05-09,05:00:00,13.0,38.0,0.2,250.0,Mon
VSNRE00,瑞光路,瑞光路390號車道出口對面人行道上,1,南,2016-05-09,06:00:00,32.5,39.22,0.47,249.03,Mon
VSNRE00,瑞光路,瑞光路390號車道出口對面人行道上,1,南,2016-05-09,07:00:00,93.0,38.51,1.5,233.22,Mon
VSNRE00,瑞光路,瑞光路390號車道出口對面人行道上,1,南,2016-05-09,08:00:00,235.5,38.79,3.47,171.8,Mon
VSNRE00,瑞光路,瑞光路390號車道出口對面人行道上,1,南,2016-05-09,09:00:00,664.0,34.35,12.73,75.07,Mon
VSNRE00,瑞光路,瑞光路390號車道出口對面人行道上,1,南,2016-05-09,10:00:00,592.0,33.32,12.2,70.32,Mon
VSNRE00,瑞光路,瑞光路390號車道出口對面人行道上,1,南,2016-05-09,11:00:00,629.5,33.24,12.72,61.72,Mon
VSNRE00,瑞光路,瑞光路390號車道出口對面人行道上,1,南,2016-05-09,12:00:00,518.0,36.36,8.68,83.02,Mon
VSNRE00,瑞光路,瑞光路390號車道出口對面人行道上,1,南,2016-05-09,13:00:00,453.5,35.33,7.85,92.03,Mon
VSNRE00,瑞光路,瑞光路390號車道出口對面人行道上,1,南,2016-05-09,14:00:00,472.0,35.84,7.97,90.55,Mon
VSNRE00,瑞光路,瑞光路390號車道出口對面人行道上,1,南,2016-05-09,15:00:00,630.5,32.89,13.98,60.9,Mon
VSNRE00,瑞光路,瑞光路390號車道出口對面人行道上,1,南,2016-05-09,16:00:00,621.0,34.13,11.93,63.6,Mon
VSNRE00,瑞光路,瑞光路390號車道出口對面人行道上,1,南,2016-05-09,17:00:00,575.5,32.75,12.35,72.35,Mon
VSNRE00,瑞光路,瑞光路390號車道出口對面人行道上,1,南,2016-05-09,18:00:00,578.0,32.72,12.38,77.07,Mon
VSNRE00,瑞光路,瑞光路390號車道出口對面人行道上,1,南,2016-05-09,19:00:00,663.5,24.6,26.35,54.57,Mon
VSNRE00,瑞光路,瑞光路390號車道出口對面人行道上,1,南,2016-05-09,20:00:00,553.0,32.41,11.68,73.97,Mon
VSNRE00,瑞光路,瑞光路390號車道出口對面人行道上,1,南,2016-05-09,21:00:00,424.0,34.53,7.43,102.68,Mon
VSNRE00,瑞光路,瑞光路390號車道出口對面人行道上,1,南,2016-05-09,22:00:00,304.0,35.81,4.83,138.27,Mon
VSNRE00,瑞光路,瑞光路390號車道出口對面人行道上,1,南,2016-05-09,23:00:00,185.0,36.82,3.03,197.63,Mon
VSNRE00,瑞光路,瑞光路390號車道出口對面人行道上,1,南,2016-05-10,00:00:00,101.0,37.06,1.52,227.45,Tue
VSNRE00,瑞光路,瑞光路390號車道出口對面人行道上,1,南,2016-05-10,01:00:00,69.0,37.0,1.12,243.28,Tue
VSNRE00,瑞光路,瑞光路390號車道出口對面人行道上,1,南,2016-05-10,02:00:00,37.5,38.47,0.53,248.15,Tue
VSNRE00,瑞光路,瑞光路390號車道出口對面人行道上,1,南,2016-05-10,03:00:00,24.310345,40.95,0.32,250.0,Tue
VSNRE00,瑞光路,瑞光路390號車道出口對面人行道上,1,南,2016-05-10,04:00:00,8.5,38.5,0.15,250.0,Tue
VSNRE00,瑞光路,瑞光路390號車道出口對面人行道上,1,南,2016-05-10,05:00:00,11.0,35.55,0.18,250.0,Tue
VSNRE00,瑞光路,瑞光路390號車道出口對面人行道上,1,南,2016-05-10,06:00:00,30.5,36.62,0.4,248.23,Tue
VSNRE00,瑞光路,瑞光路390號車道出口對面人行道上,1,南,2016-05-10,07:00:00,102.5,37.35,1.52,231.52,Tue
VSNRE00,瑞光路,瑞光路390號車道出口對面人行道上,1,南,2016-05-10,08:00:00,233.5,38.66,3.27,168.25,Tue
VSNRE00,瑞光路,瑞光路390號車道出口對面人行道上,1,南,2016-05-10,09:00:00,556.0,35.97,9.12,79.88,Tue
VSNRE00,瑞光路,瑞光路390號車道出口對面人行道上,1,南,2016-05-10,10:00:00,576.5,33.47,11.68,76.37,Tue
VSNRE00,瑞光路,瑞光路390號車道出口對面人行道上,1,南,2016-05-10,11:00:00,562.0,35.44,10.67,69.78,Tue
VSNRE00,瑞光路,瑞光路390號車道出口對面人行道上,1,南,2016-05-10,12:00:00,486.5,37.49,8.15,84.97,Tue
VSNRE00,瑞光路,瑞光路390號車道出口對面人行道上,1,南,2016-05-10,13:00:00,524.0,34.31,10.27,81.53,Tue
VSNRE00,瑞光路,瑞光路390號車道出口對面人行道上,1,南,2016-05-10,14:00:00,602.0,33.93,11.93,67.33,Tue
VSNRE00,瑞光路,瑞光路390號車道出口對面人行道上,1,南,2016-05-10,15:00:00,687.5,32.98,13.83,53.52,Tue
VSNRE00,瑞光路,瑞光路390號車道出口對面人行道上,1,南,2016-05-10,16:00:00,668.5,32.54,13.95,57.53,Tue
VSNRE00,瑞光路,瑞光路390號車道出口對面人行道上,1,南,2016-05-10,17:00:00,582.0,32.19,13.78,67.22,Tue
VSNRE00,瑞光路,瑞光路390號車道出口對面人行道上,1,南,2016-05-10,18:00:00,588.0,28.82,16.17,70.78,Tue
VSNRE00,瑞光路,瑞光路390號車道出口對面人行道上,1,南,2016-05-10,19:00:00,522.0,13.19,50.28,53.32,Tue
VSNRE00,瑞光路,瑞光路390號車道出口對面人行道上,1,南,2016-05-10,20:00:00,517.5,23.81,26.18,70.33,Tue
VSNRE00,瑞光路,瑞光路390號車道出口對面人行道上,1,南,2016-05-10,21:00:00,428.0,35.5,7.42,108.07,Tue
VSNRE00,瑞光路,瑞光路390號車道出口對面人行道上,1,南,2016-05-10,22:00:00,315.0,36.0,5.07,135.22,Tue
VSNRE00,瑞光路,瑞光路390號車道出口對面人行道上,1,南,2016-05-10,23:00:00,212.0,36.96,3.43,186.87,Tue
VSNRE00,瑞光路,瑞光路390號車道出口對面人行道上,1,南,2016-05-11,00:00:00,123.0,37.71,1.92,221.7,Wed
VSNRE00,瑞光路,瑞光路390號車道出口對面人行道上,1,南,2016-05-11,01:00:00,72.0,37.66,1.02,241.72,Wed
VSNRE00,瑞光路,瑞光路390號車道出口對面人行道上,1,南,2016-05-11,02:00:00,43.0,36.73,0.65,249.05,Wed
VSNRE00,瑞光路,瑞光路390號車道出口對面人行道上,1,南,2016-05-11,03:00:00,32.033897,37.72,0.49,249.07,Wed
VSNRE00,瑞光路,瑞光路390號車道出口對面人行道上,1,南,2016-05-11,04:00:00,15.0,36.0,0.27,250.0,Wed
VSNRE00,瑞光路,瑞光路390號車道出口對面人行道上,1,南,2016-05-11,05:00:00,9.0,40.11,0.12,250.0,Wed
VSNRE00,瑞光路,瑞光路390號車道出口對面人行道上,1,南,2016-05-11,06:00:00,30.0,38.59,0.45,247.13,Wed
VSNRE00,瑞光路,瑞光路390號車道出口對面人行道上,1,南,2016-05-11,07:00:00,108.0,37.5,1.8,227.0,Wed
VSNRE00,瑞光路,瑞光路390號車道出口對面人行道上,1,南,2016-05-11,08:00:00,238.5,37.83,3.58,170.32,Wed
VSNRE00,瑞光路,瑞光路390號車道出口對面人行道上,1,南,2016-05-11,09:00:00,547.0,34.48,9.47,87.9,Wed
VSNRE00,瑞光路,瑞光路390號車道出口對面人行道上,1,南,2016-05-11,10:00:00,554.0,34.47,10.4,84.4,Wed
VSNRE00,瑞光路,瑞光路390號車道出口對面人行道上,1,南,2016-05-11,11:00:00,614.5,34.12,11.98,67.43,Wed
VSNRE00,瑞光路,瑞光路390號車道出口對面人行道上,1,南,2016-05-11,12:00:00,615.0,35.54,11.93,66.72,Wed
VSNRE00,瑞光路,瑞光路390號車道出口對面人行道上,1,南,2016-05-11,13:00:00,508.0,33.73,10.08,82.88,Wed
VSNRE00,瑞光路,瑞光路390號車道出口對面人行道上,1,南,2016-05-11,14:00:00,603.5,35.31,11.43,65.23,Wed
VSNRE00,瑞光路,瑞光路390號車道出口對面人行道上,1,南,2016-05-11,15:00:00,626.5,34.81,12.17,62.15,Wed
VSNRE00,瑞光路,瑞光路390號車道出口對面人行道上,1,南,2016-05-11,16:00:00,650.5,32.64,14.02,58.53,Wed
VSNRE00,瑞光路,瑞光路390號車道出口對面人行道上,1,南,2016-05-11,17:00:00,587.0,33.55,12.7,69.53,Wed
VSNRE00,瑞光路,瑞光路390號車道出口對面人行道上,1,南,2016-05-11,18:00:00,646.5,31.180002,14.4,65.53,Wed
VSNRE00,瑞光路,瑞光路390號車道出口對面人行道上,1,南,2016-05-11,19:00:00,693.0,23.87,31.17,54.22,Wed
VSNRE00,瑞光路,瑞光路390號車道出口對面人行道上,1,南,2016-05-11,20:00:00,565.0,32.38,11.15,81.48,Wed
VSNRE00,瑞光路,瑞光路390號車道出口對面人行道上,1,南,2016-05-11,21:00:00,437.5,35.36,7.53,104.63,Wed
VSNRE00,瑞光路,瑞光路390號車道出口對面人行道上,1,南,2016-05-11,22:00:00,315.5,35.62,5.12,142.63,Wed
VSNRE00,瑞光路,瑞光路390號車道出口對面人行道上,1,南,2016-05-11,23:00:00,228.0,38.26,3.47,172.55,Wed
VSNRE00,瑞光路,瑞光路390號車道出口對面人行道上,1,南,2016-05-12,00:00:00,122.5,37.42,1.82,222.05,Thu
VSNRE00,瑞光路,瑞光路390號車道出口對面人行道上,1,南,2016-05-12,01:00:00,69.0,39.03,0.87,240.87,Thu
VSNRE00,瑞光路,瑞光路390號車道出口對面人行道上,1,南,2016-05-12,02:00:00,40.0,36.79,0.67,248.13,Thu
VSNRE00,瑞光路,瑞光路390號車道出口對面人行道上,1,南,2016-05-12,03:00:00,22.758621,37.05,0.45,250.0,Thu
VSNRE00,瑞光路,瑞光路390號車道出口對面人行道上,1,南,2016-05-12,04:00:00,12.5,38.83,0.22,248.17,Thu
VSNRE00,瑞光路,瑞光路390號車道出口對面人行道上,1,南,2016-05-12,05:00:00,15.882353,37.62,0.24,250.0,Thu
VSNRE00,瑞光路,瑞光路390號車道出口對面人行道上,1,南,2016-05-12,09:00:00,559.322,36.65,9.2,83.14,Thu
VSNRE00,瑞光路,瑞光路390號車道出口對面人行道上,1,南,2016-05-12,10:00:00,637.5,33.82,12.53,71.43,Thu
VSNRE00,瑞光路,瑞光路390號車道出口對面人行道上,1,南,2016-05-12,11:00:00,550.0,36.66,9.98,76.28,Thu
VSNRE00,瑞光路,瑞光路390號車道出口對面人行道上,1,南,2016-05-12,12:00:00,534.0,35.86,10.92,73.83,Thu
VSNRE00,瑞光路,瑞光路390號車道出口對面人行道上,1,南,2016-05-12,13:00:00,451.0,35.61,7.72,100.48,Thu
VSNRE00,瑞光路,瑞光路390號車道出口對面人行道上,1,南,2016-05-12,14:00:00,516.0,35.63,9.43,79.45,Thu
VSNRE00,瑞光路,瑞光路390號車道出口對面人行道上,1,南,2016-05-12,15:00:00,584.0,34.48,11.77,70.67,Thu
VSNRE00,瑞光路,瑞光路390號車道出口對面人行道上,1,南,2016-05-12,16:00:00,574.0,34.04,12.2,70.03,Thu
VSNRE00,瑞光路,瑞光路390號車道出口對面人行道上,1,南,2016-05-12,17:00:00,562.0,35.05,10.43,71.15,Thu
VSNRE00,瑞光路,瑞光路390號車道出口對面人行道上,1,南,2016-05-12,18:00:00,612.0,32.45,14.35,70.73,Thu
VSNRE00,瑞光路,瑞光路390號車道出口對面人行道上,1,南,2016-05-12,19:00:00,627.5,24.52,27.93,66.15,Thu
VSNRE00,瑞光路,瑞光路390號車道出口對面人行道上,1,南,2016-05-12,20:00:00,502.0,33.81,9.4,92.93,Thu
VSNRE00,瑞光路,瑞光路390號車道出口對面人行道上,1,南,2016-05-12,21:00:00,439.5,35.33,7.08,104.13,Thu
VSNRE00,瑞光路,瑞光路390號車道出口對面人行道上,1,南,2016-05-12,22:00:00,310.0,36.44,4.75,138.03,Thu
VSNRE00,瑞光路,瑞光路390號車道出口對面人行道上,1,南,2016-05-12,23:00:00,210.5,36.28,3.38,185.33,Thu
VSNRE00,瑞光路,瑞光路390號車道出口對面人行道上,1,南,2016-05-13,00:00:00,125.5,38.5,1.77,221.05,Fri
VSNRE00,瑞光路,瑞光路390號車道出口對面人行道上,1,南,2016-05-13,01:00:00,75.5,37.44,1.15,239.85,Fri
VSNRE00,瑞光路,瑞光路390號車道出口對面人行道上,1,南,2016-05-13,02:00:00,48.0,34.87,0.73,248.1,Fri
VSNRE00,瑞光路,瑞光路390號車道出口對面人行道上,1,南,2016-05-13,03:00:00,48.813557,36.18,0.73,247.3,Fri
VSNRE00,瑞光路,瑞光路390號車道出口對面人行道上,1,南,2016-05-13,04:00:00,14.0,33.69,0.27,250.0,Fri
VSNRE00,瑞光路,瑞光路390號車道出口對面人行道上,1,南,2016-05-13,05:00:00,15.0,39.07,0.23,250.0,Fri
VSNRE00,瑞光路,瑞光路390號車道出口對面人行道上,1,南,2016-05-13,06:00:00,31.0,40.67,0.5,249.05,Fri
VSNRE00,瑞光路,瑞光路390號車道出口對面人行道上,1,南,2016-05-13,07:00:00,109.0,36.63,1.73,228.22,Fri
VSNRE00,瑞光路,瑞光路390號車道出口對面人行道上,1,南,2016-05-13,08:00:00,256.5,37.02,4.05,168.9,Fri
VSNRE00,瑞光路,瑞光路390號車道出口對面人行道上,1,南,2016-05-13,09:00:00,567.5,34.91,11.58,86.9,Fri
VSNRE00,瑞光路,瑞光路390號車道出口對面人行道上,1,南,2016-05-13,10:00:00,575.5,34.14,10.13,76.53,Fri
VSNRE00,瑞光路,瑞光路390號車道出口對面人行道上,1,南,2016-05-13,11:00:00,589.5,34.41,11.57,72.07,Fri
VSNRE00,瑞光路,瑞光路390號車道出口對面人行道上,1,南,2016-05-13,12:00:00,598.0,34.34,10.87,66.72,Fri
VSNRE00,瑞光路,瑞光路390號車道出口對面人行道上,1,南,2016-05-13,13:00:00,513.67346,33.32,12.56,81.04,Fri
VSNRE00,瑞光路,瑞光路390號車道出口對面人行道上,1,南,2016-05-13,16:00:00,616.8292,33.41,12.67,58.8,Fri
VSNRE00,瑞光路,瑞光路390號車道出口對面人行道上,1,南,2016-05-13,17:00:00,550.5,35.43,10.02,74.77,Fri
VSNRE00,瑞光路,瑞光路390號車道出口對面人行道上,1,南,2016-05-13,18:00:00,626.0,31.81,13.82,67.98,Fri
VSNRE00,瑞光路,瑞光路390號車道出口對面人行道上,1,南,2016-05-13,19:00:00,559.0,17.42,42.75,66.42,Fri
VSNRE00,瑞光路,瑞光路390號車道出口對面人行道上,1,南,2016-05-13,20:00:00,476.0,34.32,10.15,99.12,Fri
VSNRE00,瑞光路,瑞光路390號車道出口對面人行道上,1,南,2016-05-13,21:00:00,338.5,35.24,5.78,124.45,Fri
VSNRE00,瑞光路,瑞光路390號車道出口對面人行道上,1,南,2016-05-13,22:00:00,284.0,35.66,4.6,155.65,Fri
VSNRE00,瑞光路,瑞光路390號車道出口對面人行道上,1,南,2016-05-13,23:00:00,225.0,36.91,3.67,176.15,Fri
VSNRE00,瑞光路,瑞光路390號車道出口對面人行道上,1,南,2016-05-14,00:00:00,150.0,38.16,2.18,209.63,Sat
VSNRE00,瑞光路,瑞光路390號車道出口對面人行道上,1,南,2016-05-14,01:00:00,68.947365,38.81,0.88,244.1,Sat
VSNRE00,瑞光路,瑞光路390號車道出口對面人行道上,1,南,2016-05-14,02:00:00,45.789474,35.29,0.76,249.07,Sat
VSNRE00,瑞光路,瑞光路390號車道出口對面人行道上,1,南,2016-05-14,03:00:00,35.084743,36.85,0.51,250.0,Sat
VSNRE00,瑞光路,瑞光路390號車道出口對面人行道上,1,南,2016-05-14,04:00:00,22.5,36.27,0.37,250.0,Sat
VSNRE00,瑞光路,瑞光路390號車道出口對面人行道上,1,南,2016-05-14,05:00:00,19.5,39.11,0.27,250.0,Sat
VSNRE00,瑞光路,瑞光路390號車道出口對面人行道上,1,南,2016-05-14,06:00:00,30.0,40.519997,0.45,249.08,Sat
VSNRE00,瑞光路,瑞光路390號車道出口對面人行道上,1,南,2016-05-14,07:00:00,49.5,40.33,0.72,247.15,Sat
VSNRE00,瑞光路,瑞光路390號車道出口對面人行道上,1,南,2016-05-14,08:00:00,103.5,38.95,1.52,232.67,Sat
VSNRE00,瑞光路,瑞光路390號車道出口對面人行道上,1,南,2016-05-14,09:00:00,191.0,39.08,2.83,194.98,Sat
VSNRE00,瑞光路,瑞光路390號車道出口對面人行道上,1,南,2016-05-14,10:00:00,241.5,38.15,3.45,168.82,Sat
VSNRE00,瑞光路,瑞光路390號車道出口對面人行道上,1,南,2016-05-14,11:00:00,312.5,39.26,4.68,143.5,Sat
VSNRE00,瑞光路,瑞光路390號車道出口對面人行道上,1,南,2016-05-14,12:00:00,321.5,38.24,4.82,132.45,Sat
VSNRE00,瑞光路,瑞光路390號車道出口對面人行道上,1,南,2016-05-14,13:00:00,330.0,37.81,4.88,129.18,Sat
VSNRE00,瑞光路,瑞光路390號車道出口對面人行道上,1,南,2016-05-14,14:00:00,316.5,35.94,5.2,140.68,Sat
VSNRE00,瑞光路,瑞光路390號車道出口對面人行道上,1,南,2016-05-14,15:00:00,343.5,37.18,5.18,129.88,Sat
VSNRE00,瑞光路,瑞光路390號車道出口對面人行道上,1,南,2016-05-14,16:00:00,296.5,37.75,4.55,147.37,Sat
VSNRE00,瑞光路,瑞光路390號車道出口對面人行道上,1,南,2016-05-14,17:00:00,247.0,37.45,3.72,161.95,Sat
VSNRE00,瑞光路,瑞光路390號車道出口對面人行道上,1,南,2016-05-14,18:00:00,316.0,38.97,4.5,137.23,Sat
VSNRE00,瑞光路,瑞光路390號車道出口對面人行道上,1,南,2016-05-14,19:00:00,330.0,37.49,5.1,133.27,Sat
VSNRE00,瑞光路,瑞光路390號車道出口對面人行道上,1,南,2016-05-14,20:00:00,320.0,36.7,5.0,141.53,Sat
VSNRE00,瑞光路,瑞光路390號車道出口對面人行道上,1,南,2016-05-14,21:00:00,277.0,34.34,4.35,151.78,Sat
VSNRE00,瑞光路,瑞光路390號車道出口對面人行道上,1,南,2016-05-14,22:00:00,180.0,37.02,2.95,193.55,Sat
VSNRE00,瑞光路,瑞光路390號車道出口對面人行道上,1,南,2016-05-14,23:00:00,145.0,35.72,2.25,211.6,Sat
VSNRE00,瑞光路,瑞光路390號車道出口對面人行道上,1,南,2016-05-15,00:00:00,97.0,39.37,1.48,234.48,Sun
VSNRE00,瑞光路,瑞光路390號車道出口對面人行道上,1,南,2016-05-15,01:00:00,55.5,38.02,0.75,244.63,Sun
VSNRE00,瑞光路,瑞光路390號車道出口對面人行道上,1,南,2016-05-15,02:00:00,27.0,37.84,0.5,250.0,Sun
VSNRE00,瑞光路,瑞光路390號車道出口對面人行道上,1,南,2016-05-15,03:00:00,33.62069,37.24,0.56,249.08,Sun
VSNRE00,瑞光路,瑞光路390號車道出口對面人行道上,1,南,2016-05-15,04:00:00,20.5,40.55,0.32,248.25,Sun
VSNRE00,瑞光路,瑞光路390號車道出口對面人行道上,1,南,2016-05-15,05:00:00,14.0,40.29,0.23,250.0,Sun
VSNRE00,瑞光路,瑞光路390號車道出口對面人行道上,1,南,2016-05-15,06:00:00,21.5,41.24,0.28,250.0,Sun
VSNRE00,瑞光路,瑞光路390號車道出口對面人行道上,1,南,2016-05-15,07:00:00,56.0,38.18,0.8,244.37,Sun
VSNRE00,瑞光路,瑞光路390號車道出口對面人行道上,1,南,2016-05-15,08:00:00,97.5,37.02,1.57,231.45,Sun
VSNRE00,瑞光路,瑞光路390號車道出口對面人行道上,1,南,2016-05-15,09:00:00,132.0,38.13,1.97,217.75,Sun
VSNRE00,瑞光路,瑞光路390號車道出口對面人行道上,1,南,2016-05-15,10:00:00,168.0,36.89,2.4,202.88,Sun
VSNRE00,瑞光路,瑞光路390號車道出口對面人行道上,1,南,2016-05-15,11:00:00,209.5,40.07,3.12,180.5,Sun
VSNRE00,瑞光路,瑞光路390號車道出口對面人行道上,1,南,2016-05-15,12:00:00,223.0,37.81,3.28,178.27,Sun
VSNRE00,瑞光路,瑞光路390號車道出口對面人行道上,1,南,2016-05-15,13:00:00,296.5,38.81,4.28,145.5,Sun
VSNRE00,瑞光路,瑞光路390號車道出口對面人行道上,1,南,2016-05-15,14:00:00,337.0,35.83,5.12,128.58,Sun
VSNRE00,瑞光路,瑞光路390號車道出口對面人行道上,1,南,2016-05-15,15:00:00,317.0,37.95,4.85,132.48,Sun
VSNRE00,瑞光路,瑞光路390號車道出口對面人行道上,1,南,2016-05-15,16:00:00,313.5,37.27,4.9,138.95,Sun
VSNRE00,瑞光路,瑞光路390號車道出口對面人行道上,1,南,2016-05-15,17:00:00,246.0,39.62,3.62,163.88,Sun
VSNRE00,瑞光路,瑞光路390號車道出口對面人行道上,1,南,2016-05-15,18:00:00,276.5,37.38,4.27,152.12,Sun
VSNRE00,瑞光路,瑞光路390號車道出口對面人行道上,1,南,2016-05-15,19:00:00,260.5,36.47,4.13,162.4,Sun
VSNRE00,瑞光路,瑞光路390號車道出口對面人行道上,1,南,2016-05-15,20:00:00,297.0,36.16,4.8,138.77,Sun
VSNRE00,瑞光路,瑞光路390號車道出口對面人行道上,1,南,2016-05-15,21:00:00,218.0,36.25,3.43,174.53,Sun
VSNRE00,瑞光路,瑞光路390號車道出口對面人行道上,1,南,2016-05-15,22:00:00,177.0,38.05,2.62,197.02,Sun
VSNRE00,瑞光路,瑞光路390號車道出口對面人行道上,1,南,2016-05-15,23:00:00,116.5,37.74,1.63,230.07,Sun
VSNRE00,瑞光路,瑞光路390號車道出口對面人行道上,1,南,2016-05-16,00:00:00,72.0,39.14,0.95,237.27,Mon
VSNRE00,瑞光路,瑞光路390號車道出口對面人行道上,1,南,2016-05-16,01:00:00,56.0,37.27,0.88,247.18,Mon
VSNRE00,瑞光路,瑞光路390號車道出口對面人行道上,1,南,2016-05-16,02:00:00,26.5,36.69,0.37,250.0,Mon
VSNRE00,瑞光路,瑞光路390號車道出口對面人行道上,1,南,2016-05-16,03:00:00,22.758621,36.6,0.33,248.18,Mon
VSNRE00,瑞光路,瑞光路390號車道出口對面人行道上,1,南,2016-05-16,04:00:00,10.0,36.7,0.17,249.05,Mon
VSNRE00,瑞光路,瑞光路390號車道出口對面人行道上,1,南,2016-05-16,05:00:00,10.0,36.0,0.15,250.0,Mon
VSNRE00,瑞光路,瑞光路390號車道出口對面人行道上,1,南,2016-05-16,06:00:00,27.5,39.41,0.43,250.0,Mon
VSNRE00,瑞光路,瑞光路390號車道出口對面人行道上,1,南,2016-05-16,07:00:00,88.5,37.1,1.32,238.85,Mon
VSNRE00,瑞光路,瑞光路390號車道出口對面人行道上,1,南,2016-05-16,08:00:00,235.0,37.13,3.5,181.5,Mon
VSNRE00,瑞光路,瑞光路390號車道出口對面人行道上,1,南,2016-05-16,09:00:00,472.5,37.2,8.18,104.52,Mon
VSNRE00,瑞光路,瑞光路390號車道出口對面人行道上,1,南,2016-05-16,10:00:00,634.5,33.2,13.92,67.5,Mon
VSNRE00,瑞光路,瑞光路390號車道出口對面人行道上,1,南,2016-05-16,11:00:00,595.5,33.2,13.88,67.03,Mon
VSNRE00,瑞光路,瑞光路390號車道出口對面人行道上,1,南,2016-05-16,12:00:00,560.0,36.02,10.35,70.8,Mon
VSNRE00,瑞光路,瑞光路390號車道出口對面人行道上,1,南,2016-05-16,13:00:00,464.5,33.39,9.1,94.0,Mon
VSNRE00,瑞光路,瑞光路390號車道出口對面人行道上,1,南,2016-05-16,14:00:00,520.5,33.68,10.73,82.05,Mon
VSNRE00,瑞光路,瑞光路390號車道出口對面人行道上,1,南,2016-05-16,15:00:00,688.0,31.24,16.22,55.48,Mon
VSNRE00,瑞光路,瑞光路390號車道出口對面人行道上,1,南,2016-05-16,16:00:00,608.0,34.34,12.5,68.5,Mon
VSNRE00,瑞光路,瑞光路390號車道出口對面人行道上,1,南,2016-05-16,17:00:00,579.0,35.26,11.57,67.97,Mon
VSNRE00,瑞光路,瑞光路390號車道出口對面人行道上,1,南,2016-05-16,18:00:00,660.0,29.98,18.88,58.68,Mon
VSNRE00,瑞光路,瑞光路390號車道出口對面人行道上,1,南,2016-05-16,19:00:00,646.5,15.75,39.72,53.3,Mon
VSNRE00,瑞光路,瑞光路390號車道出口對面人行道上,1,南,2016-05-16,20:00:00,542.0,32.4,12.65,76.6,Mon
VSNRE00,瑞光路,瑞光路390號車道出口對面人行道上,1,南,2016-05-16,21:00:00,397.5,35.37,6.92,109.1,Mon
VSNRE00,瑞光路,瑞光路390號車道出口對面人行道上,1,南,2016-05-16,22:00:00,326.5,34.75,5.63,136.68,Mon
VSNRE00,瑞光路,瑞光路390號車道出口對面人行道上,1,南,2016-05-16,23:00:00,189.0,37.52,3.02,194.35,Mon
VSNRE00,瑞光路,瑞光路390號車道出口對面人行道上,1,南,2016-05-17,00:00:00,117.5,38.06,1.65,225.1,Tue
VSNRE00,瑞光路,瑞光路390號車道出口對面人行道上,1,南,2016-05-17,01:00:00,72.5,38.19,1.12,240.88,Tue
VSNRE00,瑞光路,瑞光路390號車道出口對面人行道上,1,南,2016-05-17,02:00:00,30.5,36.519997,0.42,250.0,Tue
VSNRE00,瑞光路,瑞光路390號車道出口對面人行道上,1,南,2016-05-17,03:00:00,33.050846,33.55,0.52,249.07,Tue
VSNRE00,瑞光路,瑞光路390號車道出口對面人行道上,1,南,2016-05-17,04:00:00,5.0847454,34.4,0.08,250.0,Tue
VSNRE00,瑞光路,瑞光路390號車道出口對面人行道上,1,南,2016-05-17,05:00:00,17.5,35.0,0.3,250.0,Tue
VSNRE00,瑞光路,瑞光路390號車道出口對面人行道上,1,南,2016-05-17,06:00:00,25.0,37.5,0.35,248.12,Tue
VSNRE00,瑞光路,瑞光路390號車道出口對面人行道上,1,南,2016-05-17,07:00:00,83.5,36.93,1.37,237.72,Tue
VSNRE00,瑞光路,瑞光路390號車道出口對面人行道上,1,南,2016-05-17,08:00:00,247.0,38.089996,3.7,169.48,Tue
VSNRE00,瑞光路,瑞光路390號車道出口對面人行道上,1,南,2016-05-17,09:00:00,568.5,35.84,10.67,84.03,Tue
VSNRE00,瑞光路,瑞光路390號車道出口對面人行道上,1,南,2016-05-17,10:00:00,649.5,33.82,14.43,64.57,Tue
VSNRE00,瑞光路,瑞光路390號車道出口對面人行道上,1,南,2016-05-17,11:00:00,572.5,35.37,10.6,70.22,Tue
VSNRE00,瑞光路,瑞光路390號車道出口對面人行道上,1,南,2016-05-17,12:00:00,532.0,36.37,9.2,78.27,Tue
VSNRE00,瑞光路,瑞光路390號車道出口對面人行道上,1,南,2016-05-17,13:00:00,443.5,35.2,8.5,102.48,Tue
VSNRE00,瑞光路,瑞光路390號車道出口對面人行道上,1,南,2016-05-17,14:00:00,583.5,34.1,12.88,71.78,Tue
VSNRE00,瑞光路,瑞光路390號車道出口對面人行道上,1,南,2016-05-17,15:00:00,627.5,32.66,13.2,61.58,Tue
VSNRE00,瑞光路,瑞光路390號車道出口對面人行道上,1,南,2016-05-17,16:00:00,692.0,31.25,17.58,51.93,Tue
VSNRE00,瑞光路,瑞光路390號車道出口對面人行道上,1,南,2016-05-17,17:00:00,566.5,34.37,10.98,69.23,Tue
VSNRE00,瑞光路,瑞光路390號車道出口對面人行道上,1,南,2016-05-17,18:00:00,589.5,32.52,14.4,76.0,Tue
VSNRE00,瑞光路,瑞光路390號車道出口對面人行道上,1,南,2016-05-17,19:00:00,662.0,29.519999,19.95,61.92,Tue
VSNRE00,瑞光路,瑞光路390號車道出口對面人行道上,1,南,2016-05-17,20:00:00,518.5,33.38,9.82,92.08,Tue
VSNRE00,瑞光路,瑞光路390號車道出口對面人行道上,1,南,2016-05-17,21:00:00,420.5,36.79,6.58,104.42,Tue
VSNRE00,瑞光路,瑞光路390號車道出口對面人行道上,1,南,2016-05-17,22:00:00,321.0,36.46,4.97,132.7,Tue
VSNRE00,瑞光路,瑞光路390號車道出口對面人行道上,1,南,2016-05-17,23:00:00,201.0,38.12,3.07,187.72,Tue
VSNRE00,瑞光路,瑞光路390號車道出口對面人行道上,1,南,2016-05-18,00:00:00,138.5,38.8,1.9,214.57,Wed
VSNRE00,瑞光路,瑞光路390號車道出口對面人行道上,1,南,2016-05-18,01:00:00,80.0,37.3,1.08,235.0,Wed
VSNRE00,瑞光路,瑞光路390號車道出口對面人行道上,1,南,2016-05-18,02:00:00,51.5,37.53,0.82,244.45,Wed
VSNRE00,瑞光路,瑞光路390號車道出口對面人行道上,1,南,2016-05-18,03:00:00,32.0,36.9,0.43,248.1,Wed
VSNRE00,瑞光路,瑞光路390號車道出口對面人行道上,1,南,2016-05-18,04:00:00,13.728813,40.0,0.2,250.0,Wed
VSNRE00,瑞光路,瑞光路390號車道出口對面人行道上,1,南,2016-05-18,05:00:00,22.0,39.0,0.33,248.13,Wed
VSNRE00,瑞光路,瑞光路390號車道出口對面人行道上,1,南,2016-05-18,06:00:00,27.0,37.58,0.4,249.08,Wed
VSNRE00,瑞光路,瑞光路390號車道出口對面人行道上,1,南,2016-05-18,07:00:00,101.0,36.17,1.63,231.7,Wed
VSNRE00,瑞光路,瑞光路390號車道出口對面人行道上,1,南,2016-05-18,08:00:00,234.5,37.4,3.47,179.67,Wed
VSNRE00,瑞光路,瑞光路390號車道出口對面人行道上,1,南,2016-05-18,09:00:00,547.5,34.68,9.23,88.75,Wed
VSNRE00,瑞光路,瑞光路390號車道出口對面人行道上,1,南,2016-05-18,10:00:00,626.5,36.04,12.47,66.57,Wed
VSNRE00,瑞光路,瑞光路390號車道出口對面人行道上,1,南,2016-05-18,11:00:00,592.0,34.94,12.3,70.03,Wed
VSNRE00,瑞光路,瑞光路390號車道出口對面人行道上,1,南,2016-05-18,12:00:00,533.0,34.67,10.73,81.35,Wed
VSNRE00,瑞光路,瑞光路390號車道出口對面人行道上,1,南,2016-05-18,13:00:00,481.0714,36.42,7.78,89.0,Wed
VSNRE00,瑞光路,瑞光路390號車道出口對面人行道上,1,南,2016-05-18,14:00:00,548.0,34.93,10.07,74.78,Wed
VSNRE00,瑞光路,瑞光路390號車道出口對面人行道上,1,南,2016-05-18,15:00:00,713.0,32.97,16.68,54.12,Wed
VSNRE00,瑞光路,瑞光路390號車道出口對面人行道上,1,南,2016-05-18,16:00:00,669.0,33.34,14.0,59.75,Wed
VSNRE00,瑞光路,瑞光路390號車道出口對面人行道上,1,南,2016-05-18,17:00:00,599.5,34.29,14.13,64.82,Wed
VSNRE00,瑞光路,瑞光路390號車道出口對面人行道上,1,南,2016-05-18,18:00:00,608.5,33.12,12.28,76.75,Wed
VSNRE00,瑞光路,瑞光路390號車道出口對面人行道上,1,南,2016-05-18,19:00:00,617.5,19.3,39.83,66.9,Wed
VSNRE00,瑞光路,瑞光路390號車道出口對面人行道上,1,南,2016-05-18,20:00:00,502.0,33.92,9.22,96.45,Wed
VSNRE00,瑞光路,瑞光路390號車道出口對面人行道上,1,南,2016-05-18,21:00:00,398.5,34.32,6.8,108.08,Wed
VSNRE00,瑞光路,瑞光路390號車道出口對面人行道上,1,南,2016-05-18,22:00:00,283.5,37.63,4.3,150.67,Wed
VSNRE00,瑞光路,瑞光路390號車道出口對面人行道上,1,南,2016-05-18,23:00:00,198.0,36.14,3.15,185.38,Wed
VSNRE00,瑞光路,瑞光路390號車道出口對面人行道上,1,南,2016-05-19,00:00:00,139.0,37.81,2.0,214.17,Thu
VSNRE00,瑞光路,瑞光路390號車道出口對面人行道上,1,南,2016-05-19,01:00:00,74.0,39.01,0.97,240.08,Thu
VSNRE00,瑞光路,瑞光路390號車道出口對面人行道上,1,南,2016-05-19,02:00:00,51.5,35.37,0.73,245.55,Thu
VSNRE00,瑞光路,瑞光路390號車道出口對面人行道上,1,南,2016-05-19,03:00:00,25.5,35.92,0.43,247.05,Thu
VSNRE00,瑞光路,瑞光路390號車道出口對面人行道上,1,南,2016-05-19,04:00:00,14.745762,36.0,0.22,250.0,Thu
VSNRE00,瑞光路,瑞光路390號車道出口對面人行道上,1,南,2016-05-19,05:00:00,22.0,35.71,0.32,250.0,Thu
VSNRE00,瑞光路,瑞光路390號車道出口對面人行道上,1,南,2016-05-19,06:00:00,25.5,36.33,0.4,250.0,Thu
VSNRE00,瑞光路,瑞光路390號車道出口對面人行道上,1,南,2016-05-19,07:00:00,108.5,37.3,1.58,227.77,Thu
VSNRE00,瑞光路,瑞光路390號車道出口對面人行道上,1,南,2016-05-19,08:00:00,241.5,37.67,3.55,176.67,Thu
VSNRE00,瑞光路,瑞光路390號車道出口對面人行道上,1,南,2016-05-19,09:00:00,596.5,35.32,11.3,80.82,Thu
VSNRE00,瑞光路,瑞光路390號車道出口對面人行道上,1,南,2016-05-19,10:00:00,624.0,33.53,12.7,71.3,Thu
VSNRE00,瑞光路,瑞光路390號車道出口對面人行道上,1,南,2016-05-19,11:00:00,592.0,35.01,11.67,72.67,Thu
VSNRE00,瑞光路,瑞光路390號車道出口對面人行道上,1,南,2016-05-19,12:00:00,575.5,34.36,11.22,70.73,Thu
VSNRE00,瑞光路,瑞光路390號車道出口對面人行道上,1,南,2016-05-19,13:00:00,459.0,35.06,8.07,98.6,Thu
VSNRE00,瑞光路,瑞光路390號車道出口對面人行道上,1,南,2016-05-19,14:00:00,448.0,34.69,9.07,90.95,Thu
VSNRE00,瑞光路,瑞光路390號車道出口對面人行道上,1,南,2016-05-19,15:00:00,509.5,34.5,10.2,82.0,Thu
VSNRE00,瑞光路,瑞光路390號車道出口對面人行道上,1,南,2016-05-19,16:00:00,583.0,33.79,10.78,71.3,Thu
VSNRE00,瑞光路,瑞光路390號車道出口對面人行道上,1,南,2016-05-19,17:00:00,606.0,35.38,10.8,65.65,Thu
VSNRE00,瑞光路,瑞光路390號車道出口對面人行道上,1,南,2016-05-19,18:00:00,634.5,33.0,14.87,62.1,Thu
VSNRE00,瑞光路,瑞光路390號車道出口對面人行道上,1,南,2016-05-19,19:00:00,669.661,23.2,28.85,54.07,Thu
VSNRE00,瑞光路,瑞光路390號車道出口對面人行道上,1,南,2016-05-19,20:00:00,505.0,33.15,9.5,92.45,Thu
VSNRE00,瑞光路,瑞光路390號車道出口對面人行道上,1,南,2016-05-19,21:00:00,414.5,35.47,7.23,103.58,Thu
VSNRE00,瑞光路,瑞光路390號車道出口對面人行道上,1,南,2016-05-19,22:00:00,303.5,36.48,4.83,142.17,Thu
VSNRE00,瑞光路,瑞光路390號車道出口對面人行道上,1,南,2016-05-19,23:00:00,228.0,36.33,3.78,175.73,Thu
VSNRE00,瑞光路,瑞光路390號車道出口對面人行道上,1,南,2016-05-20,00:00:00,123.5,37.44,1.8,221.18,Fri
VSNRE00,瑞光路,瑞光路390號車道出口對面人行道上,1,南,2016-05-20,01:00:00,73.0,39.77,0.97,239.58,Fri
VSNRE00,瑞光路,瑞光路390號車道出口對面人行道上,1,南,2016-05-20,02:00:00,38.0,37.41,0.57,250.0,Fri
VSNRE00,瑞光路,瑞光路390號車道出口對面人行道上,1,南,2016-05-20,03:00:00,29.5,35.85,0.5,250.0,Fri
VSNRE00,瑞光路,瑞光路390號車道出口對面人行道上,1,南,2016-05-20,04:00:00,13.220339,36.5,0.24,248.22,Fri
VSNRE00,瑞光路,瑞光路390號車道出口對面人行道上,1,南,2016-05-20,05:00:00,26.5,38.73,0.37,250.0,Fri
VSNRE00,瑞光路,瑞光路390號車道出口對面人行道上,1,南,2016-05-20,06:00:00,37.5,39.56,0.58,249.07,Fri
VSNRE00,瑞光路,瑞光路390號車道出口對面人行道上,1,南,2016-05-20,08:00:00,244.0,39.590004,3.52,175.15,Fri
VSNRE00,瑞光路,瑞光路390號車道出口對面人行道上,1,南,2016-05-20,09:00:00,588.5,34.66,11.23,79.67,Fri
VSNRE00,瑞光路,瑞光路390號車道出口對面人行道上,1,南,2016-05-20,10:00:00,608.0,34.6,13.45,64.82,Fri
VSNRE00,瑞光路,瑞光路390號車道出口對面人行道上,1,南,2016-05-20,11:00:00,583.5,33.95,12.45,74.23,Fri
VSNRE00,瑞光路,瑞光路390號車道出口對面人行道上,1,南,2016-05-20,12:00:00,553.0,35.91,9.72,73.3,Fri
VSNRE00,瑞光路,瑞光路390號車道出口對面人行道上,1,南,2016-05-20,13:00:00,472.5,35.51,8.95,91.47,Fri
VSNRE00,瑞光路,瑞光路390號車道出口對面人行道上,1,南,2016-05-20,14:00:00,557.5,32.71,11.45,78.43,Fri
VSNRE00,瑞光路,瑞光路390號車道出口對面人行道上,1,南,2016-05-20,15:00:00,685.5,33.19,14.48,57.37,Fri
VSNRE00,瑞光路,瑞光路390號車道出口對面人行道上,1,南,2016-05-20,16:00:00,680.5,33.36,14.23,56.67,Fri
VSNRE00,瑞光路,瑞光路390號車道出口對面人行道上,1,南,2016-05-20,17:00:00,579.5,34.7,10.28,71.5,Fri
VSNRE00,瑞光路,瑞光路390號車道出口對面人行道上,1,南,2016-05-20,18:00:00,604.0,32.79,11.7,83.78,Fri
VSNRE00,瑞光路,瑞光路390號車道出口對面人行道上,1,南,2016-05-20,19:00:00,592.0,20.81,30.17,62.12,Fri
VSNRE00,瑞光路,瑞光路390號車道出口對面人行道上,1,南,2016-05-20,20:00:00,493.0,34.16,9.13,93.43,Fri
VSNRE00,瑞光路,瑞光路390號車道出口對面人行道上,1,南,2016-05-20,21:00:00,367.0,34.32,7.1,124.18,Fri
VSNRE00,瑞光路,瑞光路390號車道出口對面人行道上,1,南,2016-05-20,22:00:00,297.0,36.02,4.78,152.45,Fri
VSNRE00,瑞光路,瑞光路390號車道出口對面人行道上,1,南,2016-05-20,23:00:00,216.0,37.4,3.52,182.55,Fri
VSNRE00,瑞光路,瑞光路390號車道出口對面人行道上,1,南,2016-05-21,00:00:00,162.0,37.0,2.28,208.17,Sat
VSNRE00,瑞光路,瑞光路390號車道出口對面人行道上,1,南,2016-05-21,01:00:00,96.0,38.56,1.2,231.92,Sat
VSNRE00,瑞光路,瑞光路390號車道出口對面人行道上,1,南,2016-05-21,02:00:00,47.0,37.5,0.75,250.0,Sat
VSNRE00,瑞光路,瑞光路390號車道出口對面人行道上,1,南,2016-05-21,03:00:00,35.789474,37.76,0.55,248.18,Sat
VSNRE00,瑞光路,瑞光路390號車道出口對面人行道上,1,南,2016-05-21,04:00:00,18.103449,39.24,0.29,250.0,Sat
VSNRE00,瑞光路,瑞光路390號車道出口對面人行道上,1,南,2016-05-21,05:00:00,17.5,37.06,0.3,250.0,Sat
VSNRE00,瑞光路,瑞光路390號車道出口對面人行道上,1,南,2016-05-21,06:00:00,23.5,38.17,0.33,249.1,Sat
VSNRE00,瑞光路,瑞光路390號車道出口對面人行道上,1,南,2016-05-21,07:00:00,62.5,38.86,0.9,245.35,Sat
VSNRE00,瑞光路,瑞光路390號車道出口對面人行道上,1,南,2016-05-21,08:00:00,139.5,39.48,2.23,208.1,Sat
VSNRE00,瑞光路,瑞光路390號車道出口對面人行道上,1,南,2016-05-21,09:00:00,219.0,38.45,3.57,175.92,Sat
VSNRE00,瑞光路,瑞光路390號車道出口對面人行道上,1,南,2016-05-21,10:00:00,267.5,38.38,4.23,156.43,Sat
VSNRE00,瑞光路,瑞光路390號車道出口對面人行道上,1,南,2016-05-21,11:00:00,303.5,37.57,4.92,144.55,Sat
VSNRE00,瑞光路,瑞光路390號車道出口對面人行道上,1,南,2016-05-21,12:00:00,293.0,38.8,4.4,144.15,Sat
VSNRE00,瑞光路,瑞光路390號車道出口對面人行道上,1,南,2016-05-21,13:00:00,317.5,37.66,4.83,131.75,Sat
VSNRE00,瑞光路,瑞光路390號車道出口對面人行道上,1,南,2016-05-21,14:00:00,338.0,37.31,5.45,127.53,Sat
VSNRE00,瑞光路,瑞光路390號車道出口對面人行道上,1,南,2016-05-21,15:00:00,333.5,36.98,5.38,132.97,Sat
VSNRE00,瑞光路,瑞光路390號車道出口對面人行道上,1,南,2016-05-21,16:00:00,303.5,37.92,4.63,137.87,Sat
VSNRE00,瑞光路,瑞光路390號車道出口對面人行道上,1,南,2016-05-21,17:00:00,282.0,38.32,4.48,153.57,Sat
VSNRE00,瑞光路,瑞光路390號車道出口對面人行道上,1,南,2016-05-21,18:00:00,332.5,38.08,5.3,131.6,Sat
VSNRE00,瑞光路,瑞光路390號車道出口對面人行道上,1,南,2016-05-21,19:00:00,292.5,37.68,4.72,150.95,Sat
VSNRE00,瑞光路,瑞光路390號車道出口對面人行道上,1,南,2016-05-21,20:00:00,273.5,38.15,4.47,152.22,Sat
VSNRE00,瑞光路,瑞光路390號車道出口對面人行道上,1,南,2016-05-21,21:00:00,243.5,36.63,3.77,169.52,Sat
VSNRE00,瑞光路,瑞光路390號車道出口對面人行道上,1,南,2016-05-21,22:00:00,208.5,38.53,3.03,184.07,Sat
VSNRE00,瑞光路,瑞光路390號車道出口對面人行道上,1,南,2016-05-21,23:00:00,165.5,37.76,2.42,208.02,Sat
VSNRE00,瑞光路,瑞光路390號車道出口對面人行道上,1,南,2016-05-22,00:00:00,97.5,37.11,1.57,229.43,Sun
VSNRE00,瑞光路,瑞光路390號車道出口對面人行道上,1,南,2016-05-22,01:00:00,55.0,36.17,0.75,246.32,Sun
VSNRE00,瑞光路,瑞光路390號車道出口對面人行道上,1,南,2016-05-22,02:00:00,32.0,37.0,0.47,248.22,Sun
VSNRE00,瑞光路,瑞光路390號車道出口對面人行道上,1,南,2016-05-22,03:00:00,36.5,37.15,0.7,247.22,Sun
VSNRE00,瑞光路,瑞光路390號車道出口對面人行道上,1,南,2016-05-22,04:00:00,11.379311,37.0,0.22,250.0,Sun
VSNRE00,瑞光路,瑞光路390號車道出口對面人行道上,1,南,2016-05-22,05:00:00,22.0,33.64,0.35,250.0,Sun
VSNRE00,瑞光路,瑞光路390號車道出口對面人行道上,1,南,2016-05-22,06:00:00,25.0,36.54,0.37,249.05,Sun
VSNRE00,瑞光路,瑞光路390號車道出口對面人行道上,1,南,2016-05-22,07:00:00,63.0,37.56,0.87,244.28,Sun
VSNRE00,瑞光路,瑞光路390號車道出口對面人行道上,1,南,2016-05-22,08:00:00,73.0,35.7,1.17,241.58,Sun
VSNRE00,瑞光路,瑞光路390號車道出口對面人行道上,1,南,2016-05-22,09:00:00,131.0,38.08,1.95,217.12,Sun
VSNRE00,瑞光路,瑞光路390號車道出口對面人行道上,1,南,2016-05-22,10:00:00,169.5,37.07,2.62,203.13,Sun
VSNRE00,瑞光路,瑞光路390號車道出口對面人行道上,1,南,2016-05-22,11:00:00,204.5,37.36,3.18,183.68,Sun
VSNRE00,瑞光路,瑞光路390號車道出口對面人行道上,1,南,2016-05-22,12:00:00,242.5,39.21,3.38,168.92,Sun
VSNRE00,瑞光路,瑞光路390號車道出口對面人行道上,1,南,2016-05-22,13:00:00,269.5,38.71,4.22,158.43,Sun
VSNRE00,瑞光路,瑞光路390號車道出口對面人行道上,1,南,2016-05-22,14:00:00,327.0,37.71,5.1,123.52,Sun
VSNRE00,瑞光路,瑞光路390號車道出口對面人行道上,1,南,2016-05-22,15:00:00,354.5,37.7,5.32,121.07,Sun
VSNRE00,瑞光路,瑞光路390號車道出口對面人行道上,1,南,2016-05-22,16:00:00,273.5,37.33,4.33,156.17,Sun
VSNRE00,瑞光路,瑞光路390號車道出口對面人行道上,1,南,2016-05-22,17:00:00,313.0,38.64,4.57,137.85,Sun
VSNRE00,瑞光路,瑞光路390號車道出口對面人行道上,1,南,2016-05-22,18:00:00,283.5,37.31,4.32,153.17,Sun
VSNRE00,瑞光路,瑞光路390號車道出口對面人行道上,1,南,2016-05-22,19:00:00,292.5,36.35,4.65,143.32,Sun
VSNRE00,瑞光路,瑞光路390號車道出口對面人行道上,1,南,2016-05-22,20:00:00,300.0,35.1,5.0,136.6,Sun
VSNRE00,瑞光路,瑞光路390號車道出口對面人行道上,1,南,2016-05-22,21:00:00,209.5,35.43,3.62,180.85,Sun
VSNRE00,瑞光路,瑞光路390號車道出口對面人行道上,1,南,2016-05-22,22:00:00,190.5,36.79,2.93,191.27,Sun
VSNRE00,瑞光路,瑞光路390號車道出口對面人行道上,1,南,2016-05-22,23:00:00,121.5,39.21,1.75,225.6,Sun
VSNRE00,瑞光路,瑞光路390號車道出口對面人行道上,1,南,2016-05-23,00:00:00,79.5,38.03,1.1,239.75,Mon
VSNRE00,瑞光路,瑞光路390號車道出口對面人行道上,1,南,2016-05-23,01:00:00,47.5,36.93,0.83,244.48,Mon
VSNRE00,瑞光路,瑞光路390號車道出口對面人行道上,1,南,2016-05-23,02:00:00,38.0,36.25,0.68,250.0,Mon
VSNRE00,瑞光路,瑞光路390號車道出口對面人行道上,1,南,2016-05-23,03:00:00,34.5,36.25,0.48,249.05,Mon
VSNRE00,瑞光路,瑞光路390號車道出口對面人行道上,1,南,2016-05-23,04:00:00,10.344828,37.22,0.15,250.0,Mon
VSNRE00,瑞光路,瑞光路390號車道出口對面人行道上,1,南,2016-05-23,05:00:00,10.0,38.9,0.17,250.0,Mon
VSNRE00,瑞光路,瑞光路390號車道出口對面人行道上,1,南,2016-05-23,06:00:00,24.0,41.22,0.33,250.0,Mon
VSNRE00,瑞光路,瑞光路390號車道出口對面人行道上,1,南,2016-05-23,07:00:00,95.0,36.15,1.6,234.03,Mon
VSNRE00,瑞光路,瑞光路390號車道出口對面人行道上,1,南,2016-05-23,08:00:00,228.0,36.46,3.55,172.58,Mon
VSNRE00,瑞光路,瑞光路390號車道出口對面人行道上,1,南,2016-05-23,09:00:00,670.5,32.47,13.75,68.38,Mon
VSNRE00,瑞光路,瑞光路390號車道出口對面人行道上,1,南,2016-05-23,10:00:00,586.5,32.76,13.63,74.15,Mon
VSNRE00,瑞光路,瑞光路390號車道出口對面人行道上,1,南,2016-05-23,11:00:00,465.5,36.15,7.88,96.7,Mon
VSNRE00,瑞光路,瑞光路390號車道出口對面人行道上,1,南,2016-05-23,12:00:00,529.5,36.4,8.87,77.55,Mon
VSNRE00,瑞光路,瑞光路390號車道出口對面人行道上,1,南,2016-05-23,13:00:00,418.92856,35.27,7.68,104.88,Mon
VSNRE00,瑞光路,瑞光路390號車道出口對面人行道上,1,南,2016-05-23,14:00:00,605.5,34.02,11.1,66.28,Mon
VSNRE00,瑞光路,瑞光路390號車道出口對面人行道上,1,南,2016-05-23,15:00:00,615.0,32.67,12.18,64.75,Mon
VSNRE00,瑞光路,瑞光路390號車道出口對面人行道上,1,南,2016-05-23,16:00:00,539.5,32.42,11.8,85.43,Mon
VSNRE00,瑞光路,瑞光路390號車道出口對面人行道上,1,南,2016-05-23,17:00:00,557.0,33.44,11.9,74.6,Mon
VSNRE00,瑞光路,瑞光路390號車道出口對面人行道上,1,南,2016-05-23,18:00:00,634.5,31.129997,14.83,69.18,Mon
VSNRE00,瑞光路,瑞光路390號車道出口對面人行道上,1,南,2016-05-23,19:00:00,595.0,15.88,46.02,56.83,Mon
VSNRE00,瑞光路,瑞光路390號車道出口對面人行道上,1,南,2016-05-23,20:00:00,539.0,28.83,15.4,83.73,Mon
VSNRE00,瑞光路,瑞光路390號車道出口對面人行道上,1,南,2016-05-23,21:00:00,380.0,34.92,6.73,112.28,Mon
VSNRE00,瑞光路,瑞光路390號車道出口對面人行道上,1,南,2016-05-23,22:00:00,255.0,35.89,4.0,164.93,Mon
VSNRE00,瑞光路,瑞光路390號車道出口對面人行道上,1,南,2016-05-23,23:00:00,204.0,37.11,3.28,183.02,Mon
VSNRE00,瑞光路,瑞光路390號車道出口對面人行道上,1,南,2016-05-24,00:00:00,115.0,37.93,1.6,228.9,Tue
VSNRE00,瑞光路,瑞光路390號車道出口對面人行道上,1,南,2016-05-24,01:00:00,77.5,37.33,1.15,241.53,Tue
VSNRE00,瑞光路,瑞光路390號車道出口對面人行道上,1,南,2016-05-24,02:00:00,39.0,35.41,0.6,249.07,Tue
VSNRE00,瑞光路,瑞光路390號車道出口對面人行道上,1,南,2016-05-24,03:00:00,32.0,35.13,0.53,249.02,Tue
VSNRE00,瑞光路,瑞光路390號車道出口對面人行道上,1,南,2016-05-24,04:00:00,13.965518,36.58,0.2,248.25,Tue
VSNRE00,瑞光路,瑞光路390號車道出口對面人行道上,1,南,2016-05-24,05:00:00,10.5,37.3,0.17,250.0,Tue
VSNRE00,瑞光路,瑞光路390號車道出口對面人行道上,1,南,2016-05-24,06:00:00,25.5,40.5,0.35,249.07,Tue
VSNRE00,瑞光路,瑞光路390號車道出口對面人行道上,1,南,2016-05-24,08:00:00,226.5,37.11,3.5,181.3,Tue
VSNRE00,瑞光路,瑞光路390號車道出口對面人行道上,1,南,2016-05-24,09:00:00,537.5,34.07,9.9,77.4,Tue
VSNRE00,瑞光路,瑞光路390號車道出口對面人行道上,1,南,2016-05-24,10:00:00,648.5,33.26,14.83,63.02,Tue
VSNRE00,瑞光路,瑞光路390號車道出口對面人行道上,1,南,2016-05-24,11:00:00,533.0,35.39,9.85,82.75,Tue
VSNRE00,瑞光路,瑞光路390號車道出口對面人行道上,1,南,2016-05-24,12:00:00,530.5,34.94,9.62,79.08,Tue
VSNRE00,瑞光路,瑞光路390號車道出口對面人行道上,1,南,2016-05-24,13:00:00,490.5,34.48,8.97,87.9,Tue
VSNRE00,瑞光路,瑞光路390號車道出口對面人行道上,1,南,2016-05-24,14:00:00,580.0,34.84,10.73,73.82,Tue
VSNRE00,瑞光路,瑞光路390號車道出口對面人行道上,1,南,2016-05-24,15:00:00,639.5,31.909998,13.33,64.72,Tue
VSNRE00,瑞光路,瑞光路390號車道出口對面人行道上,1,南,2016-05-24,16:00:00,602.0,35.39,10.53,65.25,Tue
VSNRE00,瑞光路,瑞光路390號車道出口對面人行道上,1,南,2016-05-24,17:00:00,566.0,34.95,10.92,70.17,Tue
VSNRE00,瑞光路,瑞光路390號車道出口對面人行道上,1,南,2016-05-24,18:00:00,603.0,32.68,12.37,74.65,Tue
VSNRE00,瑞光路,瑞光路390號車道出口對面人行道上,1,南,2016-05-24,19:00:00,605.5,20.16,38.08,52.8,Tue
VSNRE00,瑞光路,瑞光路390號車道出口對面人行道上,1,南,2016-05-24,20:00:00,539.0,33.23,9.9,82.68,Tue
VSNRE00,瑞光路,瑞光路390號車道出口對面人行道上,1,南,2016-05-24,21:00:00,413.0,35.21,7.02,107.58,Tue
VSNRE00,瑞光路,瑞光路390號車道出口對面人行道上,1,南,2016-05-24,22:00:00,312.5,36.93,5.03,141.62,Tue
VSNRE00,瑞光路,瑞光路390號車道出口對面人行道上,1,南,2016-05-24,23:00:00,214.0,36.27,3.38,182.9,Tue
VSNRE00,瑞光路,瑞光路390號車道出口對面人行道上,1,南,2016-05-25,00:00:00,111.0,39.62,1.62,227.65,Wed
VSNRE00,瑞光路,瑞光路390號車道出口對面人行道上,1,南,2016-05-25,01:00:00,77.0,34.65,1.2,240.72,Wed
VSNRE00,瑞光路,瑞光路390號車道出口對面人行道上,1,南,2016-05-25,02:00:00,39.5,35.0,0.65,249.05,Wed
VSNRE00,瑞光路,瑞光路390號車道出口對面人行道上,1,南,2016-05-25,03:00:00,36.0,39.29,0.57,249.08,Wed
VSNRE00,瑞光路,瑞光路390號車道出口對面人行道上,1,南,2016-05-25,04:00:00,17.068966,39.63,0.29,250.0,Wed
VSNRE00,瑞光路,瑞光路390號車道出口對面人行道上,1,南,2016-05-25,05:00:00,14.0,40.57,0.23,250.0,Wed
VSNRE00,瑞光路,瑞光路390號車道出口對面人行道上,1,南,2016-05-25,06:00:00,26.5,40.76,0.4,250.0,Wed
VSNRE00,瑞光路,瑞光路390號車道出口對面人行道上,1,南,2016-05-25,07:00:00,93.0,37.32,1.47,232.28,Wed
VSNRE00,瑞光路,瑞光路390號車道出口對面人行道上,1,南,2016-05-25,08:00:00,227.5,38.64,3.43,182.22,Wed
VSNRE00,瑞光路,瑞光路390號車道出口對面人行道上,1,南,2016-05-25,09:00:00,567.5,35.7,9.02,77.22,Wed
VSNRE00,瑞光路,瑞光路390號車道出口對面人行道上,1,南,2016-05-25,10:00:00,644.0,33.11,14.53,59.83,Wed
VSNRE00,瑞光路,瑞光路390號車道出口對面人行道上,1,南,2016-05-25,11:00:00,587.0,34.19,11.8,73.13,Wed
VSNRE00,瑞光路,瑞光路390號車道出口對面人行道上,1,南,2016-05-25,12:00:00,543.9131,35.01,9.36,68.91,Wed
VSNRE00,瑞光路,瑞光路390號車道出口對面人行道上,1,南,2016-05-25,15:00:00,646.0,32.37,12.57,61.9,Wed
VSNRE00,瑞光路,瑞光路390號車道出口對面人行道上,1,南,2016-05-25,16:00:00,639.0,32.72,13.3,58.22,Wed
VSNRE00,瑞光路,瑞光路390號車道出口對面人行道上,1,南,2016-05-25,17:00:00,586.5,33.92,11.4,70.9,Wed
VSNRE00,瑞光路,瑞光路390號車道出口對面人行道上,1,南,2016-05-25,18:00:00,655.0,31.789999,14.42,67.3,Wed
VSNRE00,瑞光路,瑞光路390號車道出口對面人行道上,1,南,2016-05-25,19:00:00,660.0,26.85,18.87,60.57,Wed
VSNRE00,瑞光路,瑞光路390號車道出口對面人行道上,1,南,2016-05-25,20:00:00,553.5,34.28,10.02,76.22,Wed
VSNRE00,瑞光路,瑞光路390號車道出口對面人行道上,1,南,2016-05-25,21:00:00,417.0,35.33,7.18,103.35,Wed
VSNRE00,瑞光路,瑞光路390號車道出口對面人行道上,1,南,2016-05-25,22:00:00,281.5,36.68,4.42,151.3,Wed
VSNRE00,瑞光路,瑞光路390號車道出口對面人行道上,1,南,2016-05-25,23:00:00,216.5,35.84,3.62,182.58,Wed
VSNRE00,瑞光路,瑞光路390號車道出口對面人行道上,1,南,2016-05-26,00:00:00,161.0,37.8,2.68,207.62,Thu
VSNRE00,瑞光路,瑞光路390號車道出口對面人行道上,1,南,2016-05-26,01:00:00,93.0,36.36,1.37,233.82,Thu
VSNRE00,瑞光路,瑞光路390號車道出口對面人行道上,1,南,2016-05-26,02:00:00,54.5,36.19,0.73,248.17,Thu
VSNRE00,瑞光路,瑞光路390號車道出口對面人行道上,1,南,2016-05-26,03:00:00,41.0,37.54,0.63,249.08,Thu
VSNRE00,瑞光路,瑞光路390號車道出口對面人行道上,1,南,2016-05-26,04:00:00,10.5,37.1,0.17,250.0,Thu
VSNRE00,瑞光路,瑞光路390號車道出口對面人行道上,1,南,2016-05-26,05:00:00,20.5,35.89,0.32,249.05,Thu
VSNRE00,瑞光路,瑞光路390號車道出口對面人行道上,1,南,2016-05-26,06:00:00,26.5,38.81,0.4,250.0,Thu
VSNRE00,瑞光路,瑞光路390號車道出口對面人行道上,1,南,2016-05-26,07:00:00,95.5,39.49,1.4,233.58,Thu
VSNRE00,瑞光路,瑞光路390號車道出口對面人行道上,1,南,2016-05-26,08:00:00,245.0,39.09,3.72,171.77,Thu
VSNRE00,瑞光路,瑞光路390號車道出口對面人行道上,1,南,2016-05-26,09:00:00,543.5,36.94,9.0,86.33,Thu
VSNRE00,瑞光路,瑞光路390號車道出口對面人行道上,1,南,2016-05-26,10:00:00,629.0,32.84,12.37,63.42,Thu
VSNRE00,瑞光路,瑞光路390號車道出口對面人行道上,1,南,2016-05-26,11:00:00,565.5,34.95,10.73,77.17,Thu
VSNRE00,瑞光路,瑞光路390號車道出口對面人行道上,1,南,2016-05-26,12:00:00,510.5,34.33,10.23,77.77,Thu
VSNRE00,瑞光路,瑞光路390號車道出口對面人行道上,1,南,2016-05-26,13:00:00,456.5,34.53,7.98,103.72,Thu
VSNRE00,瑞光路,瑞光路390號車道出口對面人行道上,1,南,2016-05-26,14:00:00,565.5,32.93,10.97,73.12,Thu
VSNRE00,瑞光路,瑞光路390號車道出口對面人行道上,1,南,2016-05-26,15:00:00,663.6207,32.24,14.77,59.16,Thu
VSNRE00,瑞光路,瑞光路390號車道出口對面人行道上,1,南,2016-05-26,16:00:00,618.5,32.33,13.25,62.68,Thu
VSNRE00,瑞光路,瑞光路390號車道出口對面人行道上,1,南,2016-05-26,17:00:00,596.5,33.49,12.53,64.27,Thu
VSNRE00,瑞光路,瑞光路390號車道出口對面人行道上,1,南,2016-05-26,18:00:00,586.0,33.12,11.92,75.92,Thu
VSNRE00,瑞光路,瑞光路390號車道出口對面人行道上,1,南,2016-05-26,19:00:00,687.0,30.78,16.9,59.15,Thu
VSNRE00,瑞光路,瑞光路390號車道出口對面人行道上,1,南,2016-05-26,20:00:00,504.5,32.95,9.65,96.15,Thu
VSNRE00,瑞光路,瑞光路390號車道出口對面人行道上,1,南,2016-05-26,21:00:00,399.5,35.53,6.67,111.12,Thu
VSNRE00,瑞光路,瑞光路390號車道出口對面人行道上,1,南,2016-05-26,22:00:00,313.5,37.39,5.13,131.98,Thu
VSNRE00,瑞光路,瑞光路390號車道出口對面人行道上,1,南,2016-05-26,23:00:00,215.0,36.77,3.52,184.45,Thu
VSNRE00,瑞光路,瑞光路390號車道出口對面人行道上,1,南,2016-05-27,00:00:00,129.5,36.46,1.83,215.65,Fri
VSNRE00,瑞光路,瑞光路390號車道出口對面人行道上,1,南,2016-05-27,01:00:00,63.0,36.36,0.85,244.58,Fri
VSNRE00,瑞光路,瑞光路390號車道出口對面人行道上,1,南,2016-05-27,02:00:00,48.0,37.7,0.72,247.18,Fri
VSNRE00,瑞光路,瑞光路390號車道出口對面人行道上,1,南,2016-05-27,03:00:00,22.5,38.28,0.43,250.0,Fri
VSNRE00,瑞光路,瑞光路390號車道出口對面人行道上,1,南,2016-05-27,04:00:00,14.5,34.5,0.25,250.0,Fri
VSNRE00,瑞光路,瑞光路390號車道出口對面人行道上,1,南,2016-05-27,05:00:00,16.5,38.63,0.27,250.0,Fri
VSNRE00,瑞光路,瑞光路390號車道出口對面人行道上,1,南,2016-05-27,06:00:00,37.5,38.06,0.55,250.0,Fri
VSNRE00,瑞光路,瑞光路390號車道出口對面人行道上,1,南,2016-05-27,07:00:00,94.0,37.03,1.45,233.72,Fri
VSNRE00,瑞光路,瑞光路390號車道出口對面人行道上,1,南,2016-05-27,08:00:00,254.5,36.63,3.92,168.05,Fri
VSNRE00,瑞光路,瑞光路390號車道出口對面人行道上,1,南,2016-05-27,09:00:00,610.5,35.09,10.82,68.95,Fri
VSNRE00,瑞光路,瑞光路390號車道出口對面人行道上,1,南,2016-05-27,10:00:00,606.0,33.41,11.93,72.97,Fri
VSNRE00,瑞光路,瑞光路390號車道出口對面人行道上,1,南,2016-05-27,11:00:00,548.5,35.07,10.35,73.75,Fri
VSNRE00,瑞光路,瑞光路390號車道出口對面人行道上,1,南,2016-05-27,12:00:00,572.0,34.79,10.62,71.58,Fri
VSNRE00,瑞光路,瑞光路390號車道出口對面人行道上,1,南,2016-05-27,13:00:00,502.0,35.45,8.45,83.98,Fri
VSNRE00,瑞光路,瑞光路390號車道出口對面人行道上,1,南,2016-05-27,14:00:00,473.27588,35.32,8.94,90.87,Fri
VSNRE00,瑞光路,瑞光路390號車道出口對面人行道上,1,南,2016-05-27,15:00:00,645.0,33.13,12.95,60.95,Fri
VSNRE00,瑞光路,瑞光路390號車道出口對面人行道上,1,南,2016-05-27,16:00:00,574.5,33.92,11.75,67.77,Fri
VSNRE00,瑞光路,瑞光路390號車道出口對面人行道上,1,南,2016-05-27,17:00:00,566.0,34.0,10.83,73.58,Fri
VSNRE00,瑞光路,瑞光路390號車道出口對面人行道上,1,南,2016-05-27,18:00:00,627.5,28.460001,16.63,67.62,Fri
VSNRE00,瑞光路,瑞光路390號車道出口對面人行道上,1,南,2016-05-27,19:00:00,633.0,29.35,18.43,70.4,Fri
VSNRE00,瑞光路,瑞光路390號車道出口對面人行道上,1,南,2016-05-27,20:00:00,531.5,31.91,11.35,77.18,Fri
VSNRE00,瑞光路,瑞光路390號車道出口對面人行道上,1,南,2016-05-27,21:00:00,403.0,35.02,6.55,111.72,Fri
VSNRE00,瑞光路,瑞光路390號車道出口對面人行道上,1,南,2016-05-27,22:00:00,320.0,33.24,5.25,135.75,Fri
VSNRE00,瑞光路,瑞光路390號車道出口對面人行道上,1,南,2016-05-27,23:00:00,444.0,12.86,3.02,197.67,Fri
VSNRE00,瑞光路,瑞光路390號車道出口對面人行道上,1,南,2016-05-28,00:00:00,403.0,11.67,2.15,215.87,Sat
VSNRE00,瑞光路,瑞光路390號車道出口對面人行道上,1,南,2016-05-28,01:00:00,83.0,29.42,1.07,240.13,Sat
VSNRE00,瑞光路,瑞光路390號車道出口對面人行道上,1,南,2016-05-28,02:00:00,45.5,21.3,0.63,247.2,Sat
VSNRE00,瑞光路,瑞光路390號車道出口對面人行道上,1,南,2016-05-28,03:00:00,42.0,32.2,0.63,242.2,Sat
VSNRE00,瑞光路,瑞光路390號車道出口對面人行道上,1,南,2016-05-28,05:00:00,24.0,35.39,0.37,250.0,Sat
VSNRE00,瑞光路,瑞光路390號車道出口對面人行道上,1,南,2016-05-28,06:00:00,27.0,42.96,0.35,244.92,Sat
VSNRE00,瑞光路,瑞光路390號車道出口對面人行道上,1,南,2016-05-28,07:00:00,58.0,28.210001,0.83,239.98,Sat
VSNRE00,瑞光路,瑞光路390號車道出口對面人行道上,1,南,2016-05-28,09:00:00,425.0,13.25,2.42,203.22,Sat
VSNRE00,瑞光路,瑞光路390號車道出口對面人行道上,1,南,2016-05-28,10:00:00,256.0,36.82,3.75,157.98,Sat
VSNRE00,瑞光路,瑞光路390號車道出口對面人行道上,1,南,2016-05-28,11:00:00,279.0,38.0,4.38,152.12,Sat
VSNRE00,瑞光路,瑞光路390號車道出口對面人行道上,1,南,2016-05-28,12:00:00,299.5,37.68,4.43,144.22,Sat
VSNRE00,瑞光路,瑞光路390號車道出口對面人行道上,1,南,2016-05-28,13:00:00,342.5,37.75,5.07,134.1,Sat
VSNRE00,瑞光路,瑞光路390號車道出口對面人行道上,1,南,2016-05-28,14:00:00,403.0,37.99,6.07,109.47,Sat
VSNRE00,瑞光路,瑞光路390號車道出口對面人行道上,1,南,2016-05-28,15:00:00,343.9655,37.64,4.98,123.84,Sat
VSNRE00,瑞光路,瑞光路390號車道出口對面人行道上,1,南,2016-05-28,16:00:00,317.0,36.45,4.88,132.45,Sat
VSNRE00,瑞光路,瑞光路390號車道出口對面人行道上,1,南,2016-05-28,17:00:00,308.0,35.57,4.92,132.22,Sat
VSNRE00,瑞光路,瑞光路390號車道出口對面人行道上,1,南,2016-05-28,18:00:00,345.0,36.43,5.27,131.17,Sat
VSNRE00,瑞光路,瑞光路390號車道出口對面人行道上,1,南,2016-05-28,19:00:00,319.0,35.5,4.87,123.82,Sat
VSNRE00,瑞光路,瑞光路390號車道出口對面人行道上,1,南,2016-05-28,20:00:00,293.5,34.81,4.83,149.15,Sat
VSNRE00,瑞光路,瑞光路390號車道出口對面人行道上,1,南,2016-05-28,21:00:00,277.5,35.44,4.33,145.62,Sat
VSNRE00,瑞光路,瑞光路390號車道出口對面人行道上,1,南,2016-05-28,22:00:00,231.5,34.39,3.47,166.73,Sat
VSNRE00,瑞光路,瑞光路390號車道出口對面人行道上,1,南,2016-05-29,00:00:00,81.5,31.359999,1.33,244.4,Sun
VSNRE00,瑞光路,瑞光路390號車道出口對面人行道上,1,南,2016-05-29,01:00:00,56.5,23.05,0.73,239.37,Sun
VSNRE00,瑞光路,瑞光路390號車道出口對面人行道上,1,南,2016-05-29,02:00:00,43.0,11.2,0.63,247.15,Sun
VSNRE00,瑞光路,瑞光路390號車道出口對面人行道上,1,南,2016-05-29,03:00:00,29.5,11.7,0.47,244.92,Sun
VSNRE00,瑞光路,瑞光路390號車道出口對面人行道上,1,南,2016-05-29,04:00:00,24.0,32.59,0.4,250.0,Sun
VSNRE00,瑞光路,瑞光路390號車道出口對面人行道上,1,南,2016-05-29,05:00:00,21.5,36.43,0.32,245.83,Sun
VSNRE00,瑞光路,瑞光路390號車道出口對面人行道上,1,南,2016-05-29,06:00:00,23.5,43.32,0.35,245.83,Sun
VSNRE00,瑞光路,瑞光路390號車道出口對面人行道上,1,南,2016-05-29,07:00:00,56.5,25.12,0.85,242.22,Sun
VSNRE00,瑞光路,瑞光路390號車道出口對面人行道上,1,南,2016-05-29,09:00:00,153.0,30.07,2.35,210.73,Sun
VSNRE00,瑞光路,瑞光路390號車道出口對面人行道上,1,南,2016-05-29,10:00:00,192.0,32.05,2.8,187.68,Sun
VSNRE00,瑞光路,瑞光路390號車道出口對面人行道上,1,南,2016-05-29,11:00:00,211.0,36.48,2.9,183.08,Sun
VSNRE00,瑞光路,瑞光路390號車道出口對面人行道上,1,南,2016-05-29,12:00:00,249.5,36.42,3.55,169.53,Sun
VSNRE00,瑞光路,瑞光路390號車道出口對面人行道上,1,南,2016-05-29,13:00:00,263.5,38.04,3.67,154.62,Sun
VSNRE00,瑞光路,瑞光路390號車道出口對面人行道上,1,南,2016-05-29,14:00:00,379.0,36.16,5.5,119.27,Sun
VSNRE00,瑞光路,瑞光路390號車道出口對面人行道上,1,南,2016-05-29,15:00:00,643.22034,38.06,5.89,109.14,Sun
VSNRE00,瑞光路,瑞光路390號車道出口對面人行道上,1,南,2016-05-29,16:00:00,316.5,37.18,4.98,139.32,Sun
VSNRE00,瑞光路,瑞光路390號車道出口對面人行道上,1,南,2016-05-29,17:00:00,294.0,37.68,4.53,145.3,Sun
VSNRE00,瑞光路,瑞光路390號車道出口對面人行道上,1,南,2016-05-29,18:00:00,316.5,36.69,4.92,133.07,Sun
VSNRE00,瑞光路,瑞光路390號車道出口對面人行道上,1,南,2016-05-29,19:00:00,305.5,37.17,4.5,141.0,Sun
VSNRE00,瑞光路,瑞光路390號車道出口對面人行道上,1,南,2016-05-29,20:00:00,296.5,36.35,5.03,136.97,Sun
VSNRE00,瑞光路,瑞光路390號車道出口對面人行道上,1,南,2016-05-29,21:00:00,229.0,34.67,3.65,170.25,Sun
VSNRE00,瑞光路,瑞光路390號車道出口對面人行道上,1,南,2016-05-29,22:00:00,191.5,32.49,2.95,186.75,Sun
VSNRE00,瑞光路,瑞光路390號車道出口對面人行道上,1,南,2016-05-30,00:00:00,88.5,30.39,1.25,238.55,Mon
VSNRE00,瑞光路,瑞光路390號車道出口對面人行道上,1,南,2016-05-30,01:00:00,52.0,14.55,0.73,245.2,Mon
VSNRE00,瑞光路,瑞光路390號車道出口對面人行道上,1,南,2016-05-30,02:00:00,34.0,34.0,0.5,248.15,Mon
VSNRE00,瑞光路,瑞光路390號車道出口對面人行道上,1,南,2016-05-30,03:00:00,19.5,24.53,0.45,250.0,Mon
VSNRE00,瑞光路,瑞光路390號車道出口對面人行道上,1,南,2016-05-30,04:00:00,13.5,11.38,0.27,245.83,Mon
VSNRE00,瑞光路,瑞光路390號車道出口對面人行道上,1,南,2016-05-30,06:00:00,35.0,19.57,0.43,250.0,Mon
VSNRE00,瑞光路,瑞光路390號車道出口對面人行道上,1,南,2016-05-30,07:00:00,102.5,25.75,1.55,229.58,Mon
VSNRE00,瑞光路,瑞光路390號車道出口對面人行道上,1,南,2016-05-30,08:00:00,260.5,37.12,3.75,162.27,Mon
VSNRE00,瑞光路,瑞光路390號車道出口對面人行道上,1,南,2016-05-30,09:00:00,550.5,35.01,9.78,80.88,Mon
VSNRE00,瑞光路,瑞光路390號車道出口對面人行道上,1,南,2016-05-30,10:00:00,575.0847,34.56,10.86,72.93,Mon
VSNRE00,瑞光路,瑞光路390號車道出口對面人行道上,1,南,2016-05-30,11:00:00,600.0,34.56,10.95,72.47,Mon
VSNRE00,瑞光路,瑞光路390號車道出口對面人行道上,1,南,2016-05-30,12:00:00,604.0,33.82,11.65,68.82,Mon
VSNRE00,瑞光路,瑞光路390號車道出口對面人行道上,1,南,2016-05-30,13:00:00,465.2727,35.45,9.45,91.26,Mon
VSNRE00,瑞光路,瑞光路390號車道出口對面人行道上,1,南,2016-05-30,14:00:00,519.5,33.93,9.57,79.8,Mon
VSNRE00,瑞光路,瑞光路390號車道出口對面人行道上,1,南,2016-05-30,15:00:00,699.5,32.92,13.88,51.77,Mon
VSNRE00,瑞光路,瑞光路390號車道出口對面人行道上,1,南,2016-05-30,16:00:00,572.5,34.14,12.3,71.5,Mon
VSNRE00,瑞光路,瑞光路390號車道出口對面人行道上,1,南,2016-05-30,17:00:00,542.0,32.36,10.95,79.8,Mon
VSNRE00,瑞光路,瑞光路390號車道出口對面人行道上,1,南,2016-05-30,18:00:00,689.0,30.01,17.73,58.65,Mon
VSNRE00,瑞光路,瑞光路390號車道出口對面人行道上,1,南,2016-05-30,19:00:00,575.0,16.82,43.1,58.55,Mon
VSNRE00,瑞光路,瑞光路390號車道出口對面人行道上,1,南,2016-05-30,20:00:00,566.0,33.21,10.42,78.05,Mon
VSNRE00,瑞光路,瑞光路390號車道出口對面人行道上,1,南,2016-05-30,21:00:00,385.0,35.34,6.42,111.72,Mon
VSNRE00,瑞光路,瑞光路390號車道出口對面人行道上,1,南,2016-05-30,22:00:00,528.5,17.92,4.2,154.7,Mon
VSNRE00,瑞光路,瑞光路390號車道出口對面人行道上,1,南,2016-05-30,23:00:00,187.0,33.82,2.77,197.3,Mon
VSNRE00,瑞光路,瑞光路390號車道出口對面人行道上,1,南,2016-05-31,00:00:00,109.5,37.51,1.47,227.47,Tue
VSNRE00,瑞光路,瑞光路390號車道出口對面人行道上,1,南,2016-05-31,01:00:00,62.5,37.49,0.95,246.3,Tue
VSNRE00,瑞光路,瑞光路390號車道出口對面人行道上,1,南,2016-05-31,02:00:00,44.0,37.52,0.6,240.1,Tue
VSNRE00,瑞光路,瑞光路390號車道出口對面人行道上,1,南,2016-05-31,03:00:00,22.0,37.0,0.43,249.08,Tue
VSNRE00,瑞光路,瑞光路390號車道出口對面人行道上,1,南,2016-05-31,04:00:00,12.5,12.0,0.2,250.0,Tue
VSNRE00,瑞光路,瑞光路390號車道出口對面人行道上,1,南,2016-05-31,05:00:00,20.5,35.85,0.28,250.0,Tue
VSNRE00,瑞光路,瑞光路390號車道出口對面人行道上,1,南,2016-05-31,06:00:00,35.0,40.76,0.55,249.03,Tue
VSNRE00,瑞光路,瑞光路390號車道出口對面人行道上,1,南,2016-05-31,07:00:00,101.5,27.1,1.68,228.63,Tue
VSNRE00,瑞光路,瑞光路390號車道出口對面人行道上,1,南,2016-05-31,08:00:00,249.5,37.31,4.35,176.02,Tue
VSNRE00,瑞光路,瑞光路390號車道出口對面人行道上,1,南,2016-05-31,09:00:00,586.0,34.61,11.17,73.57,Tue
VSNRE00,瑞光路,瑞光路390號車道出口對面人行道上,1,南,2016-05-31,10:00:00,587.7966,33.72,12.45,66.89,Tue
VSNRE00,瑞光路,瑞光路390號車道出口對面人行道上,1,南,2016-05-31,11:00:00,561.5,33.85,10.95,71.0,Tue
VSNRE00,瑞光路,瑞光路390號車道出口對面人行道上,1,南,2016-05-31,12:00:00,534.5,34.44,10.22,75.22,Tue
VSNRE00,瑞光路,瑞光路390號車道出口對面人行道上,1,南,2016-05-31,13:00:00,448.0,34.67,7.7,98.28,Tue
VSNRE00,瑞光路,瑞光路390號車道出口對面人行道上,1,南,2016-05-31,14:00:00,561.0,34.98,10.22,73.7,Tue
VSNRE00,瑞光路,瑞光路390號車道出口對面人行道上,1,南,2016-05-31,15:00:00,574.5,33.89,10.73,68.83,Tue
VSNRE00,瑞光路,瑞光路390號車道出口對面人行道上,1,南,2016-05-31,16:00:00,635.5,34.43,12.05,62.93,Tue
VSNRE00,瑞光路,瑞光路390號車道出口對面人行道上,1,南,2016-05-31,17:00:00,582.0,31.490002,12.35,74.02,Tue
VSNRE00,瑞光路,瑞光路390號車道出口對面人行道上,1,南,2016-05-31,18:00:00,584.5,34.69,11.52,77.8,Tue
VSNRE00,瑞光路,瑞光路390號車道出口對面人行道上,1,南,2016-05-31,19:00:00,1141.5,17.48,24.35,66.93,Tue
VSNRE00,瑞光路,瑞光路390號車道出口對面人行道上,1,南,2016-05-31,20:00:00,495.0,34.56,8.47,87.88,Tue
VSNRE00,瑞光路,瑞光路390號車道出口對面人行道上,1,南,2016-05-31,21:00:00,377.5,35.49,6.37,112.02,Tue
VSNRE00,瑞光路,瑞光路390號車道出口對面人行道上,1,南,2016-05-31,22:00:00,289.0,35.21,4.6,146.75,Tue
VSNRE00,瑞光路,瑞光路390號車道出口對面人行道上,1,南,2016-05-31,23:00:00,195.0,36.67,3.07,189.58,Tue