VTZY920,成功路四段,成功路(金龍路-康湖路)-成功路4段323巷口路燈桿(已附掛市警局CCTV),2,東,2016-06-08,00:00:00,294.0,36.911186,2.66,118.57,Wed
VTZY920,成功路四段,成功路(金龍路-康湖路)-成功路4段323巷口路燈桿(已附掛市警局CCTV),2,東,2016-06-08,01:00:00,126.25,36.968227,1.0799999,102.46001,Wed
VTZY920,成功路四段,成功路(金龍路-康湖路)-成功路4段323巷口路燈桿(已附掛市警局CCTV),2,東,2016-06-08,02:00:00,98.5,38.802,0.38,95.075,Wed
VTZY920,成功路四段,成功路(金龍路-康湖路)-成功路4段323巷口路燈桿(已附掛市警局CCTV),2,東,2016-06-08,03:00:00,55.5,37.554813,0.375,67.65,Wed
VTZY920,成功路四段,成功路(金龍路-康湖路)-成功路4段323巷口路燈桿(已附掛市警局CCTV),2,東,2016-06-08,04:00:00,38.0,35.137497,0.495,57.935,Wed
VTZY920,成功路四段,成功路(金龍路-康湖路)-成功路4段323巷口路燈桿(已附掛市警局CCTV),2,東,2016-06-08,05:00:00,33.559322,36.845,0.375,56.95,Wed
VTZY920,成功路四段,成功路(金龍路-康湖路)-成功路4段323巷口路燈桿(已附掛市警局CCTV),2,東,2016-06-08,06:00:00,88.5,38.824238,1.395,102.955,Wed
VTZY920,成功路四段,成功路(金龍路-康湖路)-成功路4段323巷口路燈桿(已附掛市警局CCTV),2,東,2016-06-08,07:00:00,210.5,36.56482,2.9350002,124.35,Wed
VTZY920,成功路四段,成功路(金龍路-康湖路)-成功路4段323巷口路燈桿(已附掛市警局CCTV),2,東,2016-06-08,08:00:00,493.0,35.52438,7.335,87.86,Wed
VTZY920,成功路四段,成功路(金龍路-康湖路)-成功路4段323巷口路燈桿(已附掛市警局CCTV),2,東,2016-06-08,09:00:00,458.0,38.2695,6.3450003,117.645004,Wed
VTZY920,成功路四段,成功路(金龍路-康湖路)-成功路4段323巷口路燈桿(已附掛市警局CCTV),2,東,2016-06-08,10:00:00,577.6271,34.26578,7.27,100.835,Wed
VTZY920,成功路四段,成功路(金龍路-康湖路)-成功路4段323巷口路燈桿(已附掛市警局CCTV),2,東,2016-06-08,11:00:00,566.0,32.183365,8.594999,103.86,Wed
VTZY920,成功路四段,成功路(金龍路-康湖路)-成功路4段323巷口路燈桿(已附掛市警局CCTV),2,東,2016-06-08,12:00:00,594.5,31.469639,9.139999,104.93,Wed
VTZY920,成功路四段,成功路(金龍路-康湖路)-成功路4段323巷口路燈桿(已附掛市警局CCTV),2,東,2016-06-08,13:00:00,573.5,31.91442,10.425,100.29,Wed
VTZY920,成功路四段,成功路(金龍路-康湖路)-成功路4段323巷口路燈桿(已附掛市警局CCTV),2,東,2016-06-08,14:00:00,485.5,29.684917,7.5899997,117.26,Wed
VTZY920,成功路四段,成功路(金龍路-康湖路)-成功路4段323巷口路燈桿(已附掛市警局CCTV),2,東,2016-06-08,15:00:00,431.0,29.868149,8.059999,109.055,Wed
VTZY920,成功路四段,成功路(金龍路-康湖路)-成功路4段323巷口路燈桿(已附掛市警局CCTV),2,東,2016-06-08,16:00:00,460.0,31.339512,7.9849997,96.06,Wed
VTZY920,成功路四段,成功路(金龍路-康湖路)-成功路4段323巷口路燈桿(已附掛市警局CCTV),2,東,2016-06-08,17:00:00,629.79663,33.079826,8.84,98.555,Wed
VTZY920,成功路四段,成功路(金龍路-康湖路)-成功路4段323巷口路燈桿(已附掛市警局CCTV),2,東,2016-06-08,18:00:00,649.5,30.59886,8.675,107.869995,Wed
VTZY920,成功路四段,成功路(金龍路-康湖路)-成功路4段323巷口路燈桿(已附掛市警局CCTV),2,東,2016-06-08,19:00:00,790.5,29.119436,13.575,102.23,Wed
VTZY920,成功路四段,成功路(金龍路-康湖路)-成功路4段323巷口路燈桿(已附掛市警局CCTV),2,東,2016-06-08,20:00:00,783.0,31.534103,10.865,105.21,Wed
VTZY920,成功路四段,成功路(金龍路-康湖路)-成功路4段323巷口路燈桿(已附掛市警局CCTV),2,東,2016-06-08,21:00:00,659.0,34.036892,8.184999,108.925,Wed
VTZY920,成功路四段,成功路(金龍路-康湖路)-成功路4段323巷口路燈桿(已附掛市警局CCTV),2,東,2016-06-08,22:00:00,675.5,32.914516,9.440001,108.064995,Wed
VTZY920,成功路四段,成功路(金龍路-康湖路)-成功路4段323巷口路燈桿(已附掛市警局CCTV),2,東,2016-06-08,23:00:00,573.5,34.889698,7.555,109.775,Wed
VTZY920,成功路四段,成功路(金龍路-康湖路)-成功路4段323巷口路燈桿(已附掛市警局CCTV),2,東,2016-06-09,00:00:00,368.64407,36.642574,4.33,117.475006,Thu
VTZY920,成功路四段,成功路(金龍路-康湖路)-成功路4段323巷口路燈桿(已附掛市警局CCTV),2,東,2016-06-09,01:00:00,249.5,39.099586,3.01,134.28,Thu
VTZY920,成功路四段,成功路(金龍路-康湖路)-成功路4段323巷口路燈桿(已附掛市警局CCTV),2,東,2016-06-09,02:00:00,165.0,34.37304,1.74,124.55,Thu
VTZY920,成功路四段,成功路(金龍路-康湖路)-成功路4段323巷口路燈桿(已附掛市警局CCTV),2,東,2016-06-09,03:00:00,93.0,39.118134,0.78999996,112.59,Thu
VTZY920,成功路四段,成功路(金龍路-康湖路)-成功路4段323巷口路燈桿(已附掛市警局CCTV),2,東,2016-06-09,04:00:00,77.0,37.903465,1.0699999,106.5,Thu
VTZY920,成功路四段,成功路(金龍路-康湖路)-成功路4段323巷口路燈桿(已附掛市警局CCTV),2,東,2016-06-09,05:00:00,69.66101,38.98328,0.53499997,90.42,Thu
VTZY920,成功路四段,成功路(金龍路-康湖路)-成功路4段323巷口路燈桿(已附掛市警局CCTV),2,東,2016-06-09,06:00:00,94.0,36.37591,1.9250001,98.05,Thu
VTZY920,成功路四段,成功路(金龍路-康湖路)-成功路4段323巷口路燈桿(已附掛市警局CCTV),2,東,2016-06-09,07:00:00,150.0,37.822662,1.665,115.265,Thu
VTZY920,成功路四段,成功路(金龍路-康湖路)-成功路4段323巷口路燈桿(已附掛市警局CCTV),2,東,2016-06-09,08:00:00,280.5,36.85529,3.79,98.765,Thu
VTZY920,成功路四段,成功路(金龍路-康湖路)-成功路4段323巷口路燈桿(已附掛市警局CCTV),2,東,2016-06-09,09:00:00,434.0,36.033226,6.39,92.425,Thu
VTZY920,成功路四段,成功路(金龍路-康湖路)-成功路4段323巷口路燈桿(已附掛市警局CCTV),2,東,2016-06-09,10:00:00,526.0,36.577244,6.96,100.75,Thu
VTZY920,成功路四段,成功路(金龍路-康湖路)-成功路4段323巷口路燈桿(已附掛市警局CCTV),2,東,2016-06-09,11:00:00,572.0,31.943636,8.525001,102.869995,Thu
VTZY920,成功路四段,成功路(金龍路-康湖路)-成功路4段323巷口路燈桿(已附掛市警局CCTV),2,東,2016-06-09,12:00:00,432.93103,31.576666,8.1050005,95.535,Thu
VTZY920,成功路四段,成功路(金龍路-康湖路)-成功路4段323巷口路燈桿(已附掛市警局CCTV),2,東,2016-06-09,13:00:00,489.5,31.660023,6.6400003,102.45,Thu
VTZY920,成功路四段,成功路(金龍路-康湖路)-成功路4段323巷口路燈桿(已附掛市警局CCTV),2,東,2016-06-09,14:00:00,463.5,31.718582,8.275,95.075,Thu
VTZY920,成功路四段,成功路(金龍路-康湖路)-成功路4段323巷口路燈桿(已附掛市警局CCTV),2,東,2016-06-09,15:00:00,516.5,31.611824,8.305,103.05,Thu
VTZY920,成功路四段,成功路(金龍路-康湖路)-成功路4段323巷口路燈桿(已附掛市警局CCTV),2,東,2016-06-09,16:00:00,498.0,33.559322,8.45,94.549995,Thu
VTZY920,成功路四段,成功路(金龍路-康湖路)-成功路4段323巷口路燈桿(已附掛市警局CCTV),2,東,2016-06-09,17:00:00,493.0,33.816925,5.815,93.135,Thu
VTZY920,成功路四段,成功路(金龍路-康湖路)-成功路4段323巷口路燈桿(已附掛市警局CCTV),2,東,2016-06-09,18:00:00,572.5,30.221405,10.165,105.865,Thu
VTZY920,成功路四段,成功路(金龍路-康湖路)-成功路4段323巷口路燈桿(已附掛市警局CCTV),2,東,2016-06-09,19:00:00,466.5,31.806404,7.8500004,105.715,Thu
VTZY920,成功路四段,成功路(金龍路-康湖路)-成功路4段323巷口路燈桿(已附掛市警局CCTV),2,東,2016-06-09,20:00:00,385.0,32.354347,5.075,122.604996,Thu
VTZY920,成功路四段,成功路(金龍路-康湖路)-成功路4段323巷口路燈桿(已附掛市警局CCTV),2,東,2016-06-09,21:00:00,486.0,35.02311,5.51,104.69501,Thu
VTZY920,成功路四段,成功路(金龍路-康湖路)-成功路4段323巷口路燈桿(已附掛市警局CCTV),2,東,2016-06-09,22:00:00,493.5,36.08968,5.96,109.78,Thu
VTZY920,成功路四段,成功路(金龍路-康湖路)-成功路4段323巷口路燈桿(已附掛市警局CCTV),2,東,2016-06-09,23:00:00,412.0,36.618713,4.25,131.56,Thu
VTZY920,成功路四段,成功路(金龍路-康湖路)-成功路4段323巷口路燈桿(已附掛市警局CCTV),2,東,2016-06-10,00:00:00,285.0,38.549744,2.625,128.22,Fri
VTZY920,成功路四段,成功路(金龍路-康湖路)-成功路4段323巷口路燈桿(已附掛市警局CCTV),2,東,2016-06-10,01:00:00,195.625,37.499535,2.23,119.905,Fri
VTZY920,成功路四段,成功路(金龍路-康湖路)-成功路4段323巷口路燈桿(已附掛市警局CCTV),2,東,2016-06-10,02:00:00,132.0,38.32119,1.01,125.235,Fri
VTZY920,成功路四段,成功路(金龍路-康湖路)-成功路4段323巷口路燈桿(已附掛市警局CCTV),2,東,2016-06-10,03:00:00,92.0,37.93091,1.075,94.69,Fri
VTZY920,成功路四段,成功路(金龍路-康湖路)-成功路4段323巷口路燈桿(已附掛市警局CCTV),2,東,2016-06-10,04:00:00,56.5,40.25509,0.225,76.17,Fri
VTZY920,成功路四段,成功路(金龍路-康湖路)-成功路4段323巷口路燈桿(已附掛市警局CCTV),2,東,2016-06-10,05:00:00,50.33898,35.742767,0.475,73.425,Fri
VTZY920,成功路四段,成功路(金龍路-康湖路)-成功路4段323巷口路燈桿(已附掛市警局CCTV),2,東,2016-06-10,06:00:00,68.5,39.078186,0.65,90.1,Fri
VTZY920,成功路四段,成功路(金龍路-康湖路)-成功路4段323巷口路燈桿(已附掛市警局CCTV),2,東,2016-06-10,07:00:00,147.0,37.463333,1.645,110.2,Fri
VTZY920,成功路四段,成功路(金龍路-康湖路)-成功路4段323巷口路燈桿(已附掛市警局CCTV),2,東,2016-06-10,08:00:00,210.0,34.471428,2.595,101.585,Fri
VTZY920,成功路四段,成功路(金龍路-康湖路)-成功路4段323巷口路燈桿(已附掛市警局CCTV),2,東,2016-06-10,09:00:00,318.0,35.571487,4.335,110.23,Fri
VTZY920,成功路四段,成功路(金龍路-康湖路)-成功路4段323巷口路燈桿(已附掛市警局CCTV),2,東,2016-06-10,10:00:00,416.5,32.722897,6.6949997,114.905,Fri
VTZY920,成功路四段,成功路(金龍路-康湖路)-成功路4段323巷口路燈桿(已附掛市警局CCTV),2,東,2016-06-10,11:00:00,533.5,31.774546,7.7000003,100.104996,Fri
VTZY920,成功路四段,成功路(金龍路-康湖路)-成功路4段323巷口路燈桿(已附掛市警局CCTV),2,東,2016-06-10,12:00:00,581.0,31.60961,8.725,112.274994,Fri
VTZY920,成功路四段,成功路(金龍路-康湖路)-成功路4段323巷口路燈桿(已附掛市警局CCTV),2,東,2016-06-10,13:00:00,498.0,34.10545,7.37,96.91,Fri
VTZY920,成功路四段,成功路(金龍路-康湖路)-成功路4段323巷口路燈桿(已附掛市警局CCTV),2,東,2016-06-10,14:00:00,535.0,32.158752,9.09,95.100006,Fri
VTZY920,成功路四段,成功路(金龍路-康湖路)-成功路4段323巷口路燈桿(已附掛市警局CCTV),2,東,2016-06-10,15:00:00,646.5,34.122204,8.685,94.0,Fri
VTZY920,成功路四段,成功路(金龍路-康湖路)-成功路4段323巷口路燈桿(已附掛市警局CCTV),2,東,2016-06-10,16:00:00,579.0,32.070568,8.115,98.58501,Fri
VTZY920,成功路四段,成功路(金龍路-康湖路)-成功路4段323巷口路燈桿(已附掛市警局CCTV),2,東,2016-06-10,17:00:00,584.5,31.779928,8.835,89.634995,Fri
VTZY920,成功路四段,成功路(金龍路-康湖路)-成功路4段323巷口路燈桿(已附掛市警局CCTV),2,東,2016-06-10,18:00:00,597.5,28.523209,11.315,97.5,Fri
VTZY920,成功路四段,成功路(金龍路-康湖路)-成功路4段323巷口路燈桿(已附掛市警局CCTV),2,東,2016-06-10,19:00:00,523.0,30.534128,6.915,97.425,Fri
VTZY920,成功路四段,成功路(金龍路-康湖路)-成功路4段323巷口路燈桿(已附掛市警局CCTV),2,東,2016-06-10,20:00:00,489.0,32.40273,6.035,103.315,Fri
VTZY920,成功路四段,成功路(金龍路-康湖路)-成功路4段323巷口路燈桿(已附掛市警局CCTV),2,東,2016-06-10,21:00:00,540.5,33.292637,7.455,99.865005,Fri
VTZY920,成功路四段,成功路(金龍路-康湖路)-成功路4段323巷口路燈桿(已附掛市警局CCTV),2,東,2016-06-10,22:00:00,513.5,35.38601,5.325,104.66,Fri
VTZY920,成功路四段,成功路(金龍路-康湖路)-成功路4段323巷口路燈桿(已附掛市警局CCTV),2,東,2016-06-10,23:00:00,423.5,36.973022,4.16,122.494995,Fri
VTZY920,成功路四段,成功路(金龍路-康湖路)-成功路4段323巷口路燈桿(已附掛市警局CCTV),2,東,2016-06-11,00:00:00,290.0,36.409775,2.7849998,131.965,Sat
VTZY920,成功路四段,成功路(金龍路-康湖路)-成功路4段323巷口路燈桿(已附掛市警局CCTV),2,東,2016-06-11,01:00:00,191.0,39.403805,1.875,119.46,Sat
VTZY920,成功路四段,成功路(金龍路-康湖路)-成功路4段323巷口路燈桿(已附掛市警局CCTV),2,東,2016-06-11,02:00:00,138.0,36.811516,1.19,119.165,Sat
VTZY920,成功路四段,成功路(金龍路-康湖路)-成功路4段323巷口路燈桿(已附掛市警局CCTV),2,東,2016-06-11,03:00:00,97.0,38.446148,0.745,115.685005,Sat
VTZY920,成功路四段,成功路(金龍路-康湖路)-成功路4段323巷口路燈桿(已附掛市警局CCTV),2,東,2016-06-11,04:00:00,71.0,37.073334,0.84499997,89.315,Sat
VTZY920,成功路四段,成功路(金龍路-康湖路)-成功路4段323巷口路燈桿(已附掛市警局CCTV),2,東,2016-06-11,05:00:00,52.5,39.346733,0.285,82.785,Sat
VTZY920,成功路四段,成功路(金龍路-康湖路)-成功路4段323巷口路燈桿(已附掛市警局CCTV),2,東,2016-06-11,06:00:00,92.5,36.493824,1.02,92.585,Sat
VTZY920,成功路四段,成功路(金龍路-康湖路)-成功路4段323巷口路燈桿(已附掛市警局CCTV),2,東,2016-06-11,07:00:00,149.0,33.315,2.8600001,110.1,Sat
VTZY920,成功路四段,成功路(金龍路-康湖路)-成功路4段323巷口路燈桿(已附掛市警局CCTV),2,東,2016-06-11,08:00:00,207.0,37.655563,2.405,98.775,Sat
VTZY920,成功路四段,成功路(金龍路-康湖路)-成功路4段323巷口路燈桿(已附掛市警局CCTV),2,東,2016-06-11,09:00:00,289.0,33.32313,4.3500004,115.075,Sat
VTZY920,成功路四段,成功路(金龍路-康湖路)-成功路4段323巷口路燈桿(已附掛市警局CCTV),2,東,2016-06-11,10:00:00,428.0,34.48279,5.865,99.425,Sat
VTZY920,成功路四段,成功路(金龍路-康湖路)-成功路4段323巷口路燈桿(已附掛市警局CCTV),2,東,2016-06-11,11:00:00,527.5,31.802147,8.974999,107.09999,Sat
VTZY920,成功路四段,成功路(金龍路-康湖路)-成功路4段323巷口路燈桿(已附掛市警局CCTV),2,東,2016-06-11,12:00:00,538.5,29.79242,7.99,104.16,Sat
VTZY920,成功路四段,成功路(金龍路-康湖路)-成功路4段323巷口路燈桿(已附掛市警局CCTV),2,東,2016-06-11,13:00:00,599.0,31.603102,10.775,103.05,Sat
VTZY920,成功路四段,成功路(金龍路-康湖路)-成功路4段323巷口路燈桿(已附掛市警局CCTV),2,東,2016-06-11,14:00:00,528.5,31.81183,7.6000004,112.7,Sat
VTZY920,成功路四段,成功路(金龍路-康湖路)-成功路4段323巷口路燈桿(已附掛市警局CCTV),2,東,2016-06-11,15:00:00,530.0,30.940516,8.059999,103.020004,Sat
VTZY920,成功路四段,成功路(金龍路-康湖路)-成功路4段323巷口路燈桿(已附掛市警局CCTV),2,東,2016-06-11,16:00:00,512.5,31.356838,6.625,98.729996,Sat
VTZY920,成功路四段,成功路(金龍路-康湖路)-成功路4段323巷口路燈桿(已附掛市警局CCTV),2,東,2016-06-11,17:00:00,617.0,31.309217,8.825001,98.415,Sat
VTZY920,成功路四段,成功路(金龍路-康湖路)-成功路4段323巷口路燈桿(已附掛市警局CCTV),2,東,2016-06-11,18:00:00,555.5,31.16206,9.6,102.875,Sat
VTZY920,成功路四段,成功路(金龍路-康湖路)-成功路4段323巷口路燈桿(已附掛市警局CCTV),2,東,2016-06-11,19:00:00,575.5,29.785975,10.15,80.285,Sat
VTZY920,成功路四段,成功路(金龍路-康湖路)-成功路4段323巷口路燈桿(已附掛市警局CCTV),2,東,2016-06-11,20:00:00,426.0,34.23862,5.4,99.465,Sat
VTZY920,成功路四段,成功路(金龍路-康湖路)-成功路4段323巷口路燈桿(已附掛市警局CCTV),2,東,2016-06-11,21:00:00,525.55554,35.19843,6.1800003,98.69,Sat
VTZY920,成功路四段,成功路(金龍路-康湖路)-成功路4段323巷口路燈桿(已附掛市警局CCTV),2,東,2016-06-11,22:00:00,513.0,34.945114,7.0150003,102.925,Sat
VTZY920,成功路四段,成功路(金龍路-康湖路)-成功路4段323巷口路燈桿(已附掛市警局CCTV),2,東,2016-06-11,23:00:00,466.0,36.306355,5.645,122.630005,Sat
VTZY920,成功路四段,成功路(金龍路-康湖路)-成功路4段323巷口路燈桿(已附掛市警局CCTV),2,東,2016-06-12,00:00:00,284.74576,36.17388,2.5,109.81,Sun
VTZY920,成功路四段,成功路(金龍路-康湖路)-成功路4段323巷口路燈桿(已附掛市警局CCTV),2,東,2016-06-12,01:00:00,190.85106,37.644447,1.8050001,118.21,Sun
VTZY920,成功路四段,成功路(金龍路-康湖路)-成功路4段323巷口路燈桿(已附掛市警局CCTV),2,東,2016-06-12,02:00:00,153.5,39.036137,1.2349999,118.649994,Sun
VTZY920,成功路四段,成功路(金龍路-康湖路)-成功路4段323巷口路燈桿(已附掛市警局CCTV),2,東,2016-06-12,03:00:00,103.5,36.69469,1.385,110.33501,Sun
VTZY920,成功路四段,成功路(金龍路-康湖路)-成功路4段323巷口路燈桿(已附掛市警局CCTV),2,東,2016-06-12,04:00:00,70.5,36.492,1.085,91.095,Sun
VTZY920,成功路四段,成功路(金龍路-康湖路)-成功路4段323巷口路燈桿(已附掛市警局CCTV),2,東,2016-06-12,05:00:00,57.966103,38.72185,0.675,82.22,Sun
VTZY920,成功路四段,成功路(金龍路-康湖路)-成功路4段323巷口路燈桿(已附掛市警局CCTV),2,東,2016-06-12,06:00:00,86.0,35.522438,0.96000004,99.884995,Sun
VTZY920,成功路四段,成功路(金龍路-康湖路)-成功路4段323巷口路燈桿(已附掛市警局CCTV),2,東,2016-06-12,07:00:00,127.5,34.702106,2.24,118.19,Sun
VTZY920,成功路四段,成功路(金龍路-康湖路)-成功路4段323巷口路燈桿(已附掛市警局CCTV),2,東,2016-06-12,08:00:00,201.0,35.874615,2.815,103.04,Sun
VTZY920,成功路四段,成功路(金龍路-康湖路)-成功路4段323巷口路燈桿(已附掛市警局CCTV),2,東,2016-06-12,09:00:00,325.0,33.21354,5.585,101.03,Sun
VTZY920,成功路四段,成功路(金龍路-康湖路)-成功路4段323巷口路燈桿(已附掛市警局CCTV),2,東,2016-06-12,10:00:00,449.5,34.61757,5.94,88.245,Sun
VTZY920,成功路四段,成功路(金龍路-康湖路)-成功路4段323巷口路燈桿(已附掛市警局CCTV),2,東,2016-06-12,11:00:00,527.5,32.27684,8.13,98.32,Sun
VTZY920,成功路四段,成功路(金龍路-康湖路)-成功路4段323巷口路燈桿(已附掛市警局CCTV),2,東,2016-06-12,12:00:00,574.5,29.4294,11.275001,105.240005,Sun
VTZY920,成功路四段,成功路(金龍路-康湖路)-成功路4段323巷口路燈桿(已附掛市警局CCTV),2,東,2016-06-12,13:00:00,565.0,30.4263,8.5,109.850006,Sun
VTZY920,成功路四段,成功路(金龍路-康湖路)-成功路4段323巷口路燈桿(已附掛市警局CCTV),2,東,2016-06-12,14:00:00,571.0,29.407026,10.0,96.31,Sun
VTZY920,成功路四段,成功路(金龍路-康湖路)-成功路4段323巷口路燈桿(已附掛市警局CCTV),2,東,2016-06-12,15:00:00,649.0,30.190601,10.865,86.39,Sun
VTZY920,成功路四段,成功路(金龍路-康湖路)-成功路4段323巷口路燈桿(已附掛市警局CCTV),2,東,2016-06-12,16:00:00,643.5,34.57589,7.775,83.06,Sun
VTZY920,成功路四段,成功路(金龍路-康湖路)-成功路4段323巷口路燈桿(已附掛市警局CCTV),2,東,2016-06-12,17:00:00,621.5,30.583704,8.395,107.94,Sun
VTZY920,成功路四段,成功路(金龍路-康湖路)-成功路4段323巷口路燈桿(已附掛市警局CCTV),2,東,2016-06-12,18:00:00,648.5,29.390814,10.639999,88.825,Sun
VTZY920,成功路四段,成功路(金龍路-康湖路)-成功路4段323巷口路燈桿(已附掛市警局CCTV),2,東,2016-06-12,19:00:00,427.0,31.127316,5.465,86.845,Sun
VTZY920,成功路四段,成功路(金龍路-康湖路)-成功路4段323巷口路燈桿(已附掛市警局CCTV),2,東,2016-06-12,20:00:00,555.0,34.05556,7.5,99.935,Sun
VTZY920,成功路四段,成功路(金龍路-康湖路)-成功路4段323巷口路燈桿(已附掛市警局CCTV),2,東,2016-06-12,21:00:00,512.0,34.511692,7.03,102.46,Sun
VTZY920,成功路四段,成功路(金龍路-康湖路)-成功路4段323巷口路燈桿(已附掛市警局CCTV),2,東,2016-06-12,22:00:00,469.5,35.101456,4.425,101.81,Sun
VTZY920,成功路四段,成功路(金龍路-康湖路)-成功路4段323巷口路燈桿(已附掛市警局CCTV),2,東,2016-06-12,23:00:00,411.5,37.510498,3.665,122.115,Sun
VTZY920,成功路四段,成功路(金龍路-康湖路)-成功路4段323巷口路燈桿(已附掛市警局CCTV),2,東,2016-06-13,00:00:00,259.32202,37.236774,2.185,114.0,Mon
VTZY920,成功路四段,成功路(金龍路-康湖路)-成功路4段323巷口路燈桿(已附掛市警局CCTV),2,東,2016-06-13,01:00:00,148.5,36.813793,1.2,108.08501,Mon
VTZY920,成功路四段,成功路(金龍路-康湖路)-成功路4段323巷口路燈桿(已附掛市警局CCTV),2,東,2016-06-13,02:00:00,85.5,38.064026,1.235,90.604996,Mon
VTZY920,成功路四段,成功路(金龍路-康湖路)-成功路4段323巷口路燈桿(已附掛市警局CCTV),2,東,2016-06-13,03:00:00,63.5,38.677742,0.59,77.795,Mon
VTZY920,成功路四段,成功路(金龍路-康湖路)-成功路4段323巷口路燈桿(已附掛市警局CCTV),2,東,2016-06-13,04:00:00,24.5,36.0,0.87,36.675,Mon
VTZY920,成功路四段,成功路(金龍路-康湖路)-成功路4段323巷口路燈桿(已附掛市警局CCTV),2,東,2016-06-13,05:00:00,41.5,40.201252,0.42000002,65.46,Mon
VTZY920,成功路四段,成功路(金龍路-康湖路)-成功路4段323巷口路燈桿(已附掛市警局CCTV),2,東,2016-06-13,06:00:00,48.0,39.79591,0.495,60.315,Mon
VTZY920,成功路四段,成功路(金龍路-康湖路)-成功路4段323巷口路燈桿(已附掛市警局CCTV),2,東,2016-06-13,07:00:00,205.5,35.577408,2.91,115.595,Mon
VTZY920,成功路四段,成功路(金龍路-康湖路)-成功路4段323巷口路燈桿(已附掛市警局CCTV),2,東,2016-06-13,08:00:00,445.0,34.646427,6.49,86.42,Mon
VTZY920,成功路四段,成功路(金龍路-康湖路)-成功路4段323巷口路燈桿(已附掛市警局CCTV),2,東,2016-06-13,09:00:00,425.5,36.771084,5.715,94.66,Mon
VTZY920,成功路四段,成功路(金龍路-康湖路)-成功路4段323巷口路燈桿(已附掛市警局CCTV),2,東,2016-06-13,10:00:00,408.5,35.322643,5.425,112.4,Mon
VTZY920,成功路四段,成功路(金龍路-康湖路)-成功路4段323巷口路燈桿(已附掛市警局CCTV),2,東,2016-06-13,11:00:00,479.5,33.034187,7.335,106.655,Mon
VTZY920,成功路四段,成功路(金龍路-康湖路)-成功路4段323巷口路燈桿(已附掛市警局CCTV),2,東,2016-06-13,12:00:00,476.0,31.60986,7.035,115.604996,Mon
VTZY920,成功路四段,成功路(金龍路-康湖路)-成功路4段323巷口路燈桿(已附掛市警局CCTV),2,東,2016-06-13,13:00:00,508.0,33.514553,7.705,109.375,Mon
VTZY920,成功路四段,成功路(金龍路-康湖路)-成功路4段323巷口路燈桿(已附掛市警局CCTV),2,東,2016-06-13,14:00:00,414.5,32.103893,6.1,113.509995,Mon
VTZY920,成功路四段,成功路(金龍路-康湖路)-成功路4段323巷口路燈桿(已附掛市警局CCTV),2,東,2016-06-13,15:00:00,501.5,32.965805,7.575,101.665,Mon
VTZY920,成功路四段,成功路(金龍路-康湖路)-成功路4段323巷口路燈桿(已附掛市警局CCTV),2,東,2016-06-13,16:00:00,490.1695,32.16404,7.8150005,109.655,Mon
VTZY920,成功路四段,成功路(金龍路-康湖路)-成功路4段323巷口路燈桿(已附掛市警局CCTV),2,東,2016-06-13,17:00:00,610.0,31.838097,9.475,97.735,Mon
VTZY920,成功路四段,成功路(金龍路-康湖路)-成功路4段323巷口路燈桿(已附掛市警局CCTV),2,東,2016-06-13,18:00:00,754.5763,29.249956,13.299999,99.67,Mon
VTZY920,成功路四段,成功路(金龍路-康湖路)-成功路4段323巷口路燈桿(已附掛市警局CCTV),2,東,2016-06-13,19:00:00,664.5,30.0923,11.775,115.575005,Mon
VTZY920,成功路四段,成功路(金龍路-康湖路)-成功路4段323巷口路燈桿(已附掛市警局CCTV),2,東,2016-06-13,20:00:00,662.0,31.149742,11.014999,109.35,Mon
VTZY920,成功路四段,成功路(金龍路-康湖路)-成功路4段323巷口路燈桿(已附掛市警局CCTV),2,東,2016-06-13,21:00:00,608.5,34.634056,6.95,108.21,Mon
VTZY920,成功路四段,成功路(金龍路-康湖路)-成功路4段323巷口路燈桿(已附掛市警局CCTV),2,東,2016-06-13,22:00:00,602.5,33.917095,7.3500004,92.685,Mon
VTZY920,成功路四段,成功路(金龍路-康湖路)-成功路4段323巷口路燈桿(已附掛市警局CCTV),2,東,2016-06-13,23:00:00,423.0,35.657272,4.335,113.205,Mon
VTZY920,成功路四段,成功路(金龍路-康湖路)-成功路4段323巷口路燈桿(已附掛市警局CCTV),2,東,2016-06-14,00:00:00,274.57626,35.80343,2.815,128.34,Tue
VTZY920,成功路四段,成功路(金龍路-康湖路)-成功路4段323巷口路燈桿(已附掛市警局CCTV),2,東,2016-06-14,01:00:00,124.0,34.8165,0.91,113.445,Tue
VTZY920,成功路四段,成功路(金龍路-康湖路)-成功路4段323巷口路燈桿(已附掛市警局CCTV),2,東,2016-06-14,02:00:00,93.0,36.77703,0.615,100.85,Tue
VTZY920,成功路四段,成功路(金龍路-康湖路)-成功路4段323巷口路燈桿(已附掛市警局CCTV),2,東,2016-06-14,03:00:00,57.5,37.824913,0.4,68.025,Tue
VTZY920,成功路四段,成功路(金龍路-康湖路)-成功路4段323巷口路燈桿(已附掛市警局CCTV),2,東,2016-06-14,04:00:00,37.0,33.658573,0.5,52.88,Tue
VTZY920,成功路四段,成功路(金龍路-康湖路)-成功路4段323巷口路燈桿(已附掛市警局CCTV),2,東,2016-06-14,05:00:00,47.28813,31.887274,0.82500005,67.915,Tue
VTZY920,成功路四段,成功路(金龍路-康湖路)-成功路4段323巷口路燈桿(已附掛市警局CCTV),2,東,2016-06-14,06:00:00,75.0,35.290436,0.87,87.325,Tue
VTZY920,成功路四段,成功路(金龍路-康湖路)-成功路4段323巷口路燈桿(已附掛市警局CCTV),2,東,2016-06-14,07:00:00,143.5,37.6503,2.18,128.675,Tue
VTZY920,成功路四段,成功路(金龍路-康湖路)-成功路4段323巷口路燈桿(已附掛市警局CCTV),2,東,2016-06-14,08:00:00,386.0,35.706776,5.45,93.875,Tue
VTZY920,成功路四段,成功路(金龍路-康湖路)-成功路4段323巷口路燈桿(已附掛市警局CCTV),2,東,2016-06-14,09:00:00,395.0,36.304214,4.99,94.16,Tue
VTZY920,成功路四段,成功路(金龍路-康湖路)-成功路4段323巷口路燈桿(已附掛市警局CCTV),2,東,2016-06-14,10:00:00,366.0,35.232018,5.225,94.165,Tue
VTZY920,成功路四段,成功路(金龍路-康湖路)-成功路4段323巷口路燈桿(已附掛市警局CCTV),2,東,2016-06-14,11:00:00,398.0,33.20343,5.75,107.16,Tue
VTZY920,成功路四段,成功路(金龍路-康湖路)-成功路4段323巷口路燈桿(已附掛市警局CCTV),2,東,2016-06-14,12:00:00,430.67798,32.466362,5.88,111.28,Tue
VTZY920,成功路四段,成功路(金龍路-康湖路)-成功路4段323巷口路燈桿(已附掛市警局CCTV),2,東,2016-06-14,13:00:00,480.5,31.089773,7.6099997,108.305,Tue
VTZY920,成功路四段,成功路(金龍路-康湖路)-成功路4段323巷口路燈桿(已附掛市警局CCTV),2,東,2016-06-14,14:00:00,417.0,31.164347,8.1,106.975006,Tue
VTZY920,成功路四段,成功路(金龍路-康湖路)-成功路4段323巷口路燈桿(已附掛市警局CCTV),2,東,2016-06-14,15:00:00,405.5,33.410103,6.0249996,95.74,Tue
VTZY920,成功路四段,成功路(金龍路-康湖路)-成功路4段323巷口路燈桿(已附掛市警局CCTV),2,東,2016-06-14,16:00:00,475.0,32.7827,7.4849997,106.91499,Tue
VTZY920,成功路四段,成功路(金龍路-康湖路)-成功路4段323巷口路燈桿(已附掛市警局CCTV),2,東,2016-06-14,17:00:00,580.0,33.556202,9.38,105.259995,Tue
VTZY920,成功路四段,成功路(金龍路-康湖路)-成功路4段323巷口路燈桿(已附掛市警局CCTV),2,東,2016-06-14,18:00:00,648.0,30.888481,10.1,108.399994,Tue
VTZY920,成功路四段,成功路(金龍路-康湖路)-成功路4段323巷口路燈桿(已附掛市警局CCTV),2,東,2016-06-14,19:00:00,635.5,29.523941,11.575,111.005,Tue
VTZY920,成功路四段,成功路(金龍路-康湖路)-成功路4段323巷口路燈桿(已附掛市警局CCTV),2,東,2016-06-14,20:00:00,853.5,31.655619,11.190001,81.44,Tue
VTZY920,成功路四段,成功路(金龍路-康湖路)-成功路4段323巷口路燈桿(已附掛市警局CCTV),2,東,2016-06-14,21:00:00,621.5,33.456776,7.485,104.175,Tue
VTZY920,成功路四段,成功路(金龍路-康湖路)-成功路4段323巷口路燈桿(已附掛市警局CCTV),2,東,2016-06-14,22:00:00,600.0,34.626266,7.4249997,98.55,Tue
VTZY920,成功路四段,成功路(金龍路-康湖路)-成功路4段323巷口路燈桿(已附掛市警局CCTV),2,東,2016-06-14,23:00:00,445.5,36.28177,4.6850004,126.825005,Tue