VTZY920,成功路四段,成功路(金龍路-康湖路)-成功路4段323巷口路燈桿(已附掛市警局CCTV),2,東,2016-06-01,00:00:00,309.5,36.785366,3.0,124.649994,Wed
VTZY920,成功路四段,成功路(金龍路-康湖路)-成功路4段323巷口路燈桿(已附掛市警局CCTV),2,東,2016-06-01,01:00:00,140.625,37.960274,0.92,106.75,Wed
VTZY920,成功路四段,成功路(金龍路-康湖路)-成功路4段323巷口路燈桿(已附掛市警局CCTV),2,東,2016-06-01,02:00:00,89.5,37.90773,0.59,100.125,Wed
VTZY920,成功路四段,成功路(金龍路-康湖路)-成功路4段323巷口路燈桿(已附掛市警局CCTV),2,東,2016-06-01,03:00:00,52.0,39.7804,0.25,69.8,Wed
VTZY920,成功路四段,成功路(金龍路-康湖路)-成功路4段323巷口路燈桿(已附掛市警局CCTV),2,東,2016-06-01,04:00:00,43.448277,36.342926,0.31,63.515,Wed
VTZY920,成功路四段,成功路(金龍路-康湖路)-成功路4段323巷口路燈桿(已附掛市警局CCTV),2,東,2016-06-01,05:00:00,52.0,37.483597,0.33499998,82.15,Wed
VTZY920,成功路四段,成功路(金龍路-康湖路)-成功路4段323巷口路燈桿(已附掛市警局CCTV),2,東,2016-06-01,06:00:00,82.0,35.90961,1.29,92.285,Wed
VTZY920,成功路四段,成功路(金龍路-康湖路)-成功路4段323巷口路燈桿(已附掛市警局CCTV),2,東,2016-06-01,07:00:00,206.0,36.39937,2.485,125.05,Wed
VTZY920,成功路四段,成功路(金龍路-康湖路)-成功路4段323巷口路燈桿(已附掛市警局CCTV),2,東,2016-06-01,08:00:00,415.6695,36.80306,6.37,96.945,Wed
VTZY920,成功路四段,成功路(金龍路-康湖路)-成功路4段323巷口路燈桿(已附掛市警局CCTV),2,東,2016-06-01,09:00:00,578.5,36.80118,6.6949997,108.725006,Wed
VTZY920,成功路四段,成功路(金龍路-康湖路)-成功路4段323巷口路燈桿(已附掛市警局CCTV),2,東,2016-06-01,10:00:00,458.0,34.609657,7.45,107.36,Wed
VTZY920,成功路四段,成功路(金龍路-康湖路)-成功路4段323巷口路燈桿(已附掛市警局CCTV),2,東,2016-06-01,11:00:00,495.0,33.280224,8.285,96.225,Wed
VTZY920,成功路四段,成功路(金龍路-康湖路)-成功路4段323巷口路燈桿(已附掛市警局CCTV),2,東,2016-06-01,12:00:00,539.4915,30.779032,10.29,91.524994,Wed
VTZY920,成功路四段,成功路(金龍路-康湖路)-成功路4段323巷口路燈桿(已附掛市警局CCTV),2,東,2016-06-01,13:00:00,624.0,29.83869,11.925,108.0,Wed
VTZY920,成功路四段,成功路(金龍路-康湖路)-成功路4段323巷口路燈桿(已附掛市警局CCTV),2,東,2016-06-01,14:00:00,403.22034,32.028526,5.7200003,110.130005,Wed
VTZY920,成功路四段,成功路(金龍路-康湖路)-成功路4段323巷口路燈桿(已附掛市警局CCTV),2,東,2016-06-01,15:00:00,477.0,32.329777,7.27,96.7,Wed
VTZY920,成功路四段,成功路(金龍路-康湖路)-成功路4段323巷口路燈桿(已附掛市警局CCTV),2,東,2016-06-01,16:00:00,591.87286,35.227924,8.455,104.53,Wed
VTZY920,成功路四段,成功路(金龍路-康湖路)-成功路4段323巷口路燈桿(已附掛市警局CCTV),2,東,2016-06-01,17:00:00,500.0,30.922987,9.95,107.45,Wed
VTZY920,成功路四段,成功路(金龍路-康湖路)-成功路4段323巷口路燈桿(已附掛市警局CCTV),2,東,2016-06-01,18:00:00,714.0,29.289272,13.27,105.485,Wed
VTZY920,成功路四段,成功路(金龍路-康湖路)-成功路4段323巷口路燈桿(已附掛市警局CCTV),2,東,2016-06-01,19:00:00,820.5,32.386147,13.45,99.61,Wed
VTZY920,成功路四段,成功路(金龍路-康湖路)-成功路4段323巷口路燈桿(已附掛市警局CCTV),2,東,2016-06-01,20:00:00,711.5,33.594,8.424999,96.39,Wed
VTZY920,成功路四段,成功路(金龍路-康湖路)-成功路4段323巷口路燈桿(已附掛市警局CCTV),2,東,2016-06-01,21:00:00,624.0,34.53242,6.83,100.145004,Wed
VTZY920,成功路四段,成功路(金龍路-康湖路)-成功路4段323巷口路燈桿(已附掛市警局CCTV),2,東,2016-06-01,22:00:00,630.0,34.205353,7.085,108.235,Wed
VTZY920,成功路四段,成功路(金龍路-康湖路)-成功路4段323巷口路燈桿(已附掛市警局CCTV),2,東,2016-06-01,23:00:00,472.5,38.505135,4.335,129.19499,Wed
VTZY920,成功路四段,成功路(金龍路-康湖路)-成功路4段323巷口路燈桿(已附掛市警局CCTV),2,東,2016-06-02,00:00:00,317.0,36.024494,3.775,138.64,Thu
VTZY920,成功路四段,成功路(金龍路-康湖路)-成功路4段323巷口路燈桿(已附掛市警局CCTV),2,東,2016-06-02,01:00:00,138.75,36.41257,1.97,129.125,Thu
VTZY920,成功路四段,成功路(金龍路-康湖路)-成功路4段323巷口路燈桿(已附掛市警局CCTV),2,東,2016-06-02,02:00:00,84.5,37.27265,0.33499998,95.925,Thu
VTZY920,成功路四段,成功路(金龍路-康湖路)-成功路4段323巷口路燈桿(已附掛市警局CCTV),2,東,2016-06-02,03:00:00,47.5,38.040653,0.54999995,71.565,Thu
VTZY920,成功路四段,成功路(金龍路-康湖路)-成功路4段323巷口路燈桿(已附掛市警局CCTV),2,東,2016-06-02,04:00:00,37.118645,40.803425,0.185,49.645,Thu
VTZY920,成功路四段,成功路(金龍路-康湖路)-成功路4段323巷口路燈桿(已附掛市警局CCTV),2,東,2016-06-02,05:00:00,35.5,39.76743,0.165,48.489998,Thu
VTZY920,成功路四段,成功路(金龍路-康湖路)-成功路4段323巷口路燈桿(已附掛市警局CCTV),2,東,2016-06-02,06:00:00,90.5,36.560116,1.05,109.51,Thu
VTZY920,成功路四段,成功路(金龍路-康湖路)-成功路4段323巷口路燈桿(已附掛市警局CCTV),2,東,2016-06-02,07:00:00,169.0,36.13,2.7,131.41,Thu
VTZY920,成功路四段,成功路(金龍路-康湖路)-成功路4段323巷口路燈桿(已附掛市警局CCTV),2,東,2016-06-02,08:00:00,439.0,34.691704,5.345,89.125,Thu
VTZY920,成功路四段,成功路(金龍路-康湖路)-成功路4段323巷口路燈桿(已附掛市警局CCTV),2,東,2016-06-02,09:00:00,379.5,33.408012,6.325,97.465,Thu
VTZY920,成功路四段,成功路(金龍路-康湖路)-成功路4段323巷口路燈桿(已附掛市警局CCTV),2,東,2016-06-02,10:00:00,407.0,35.180748,5.74,109.630005,Thu
VTZY920,成功路四段,成功路(金龍路-康湖路)-成功路4段323巷口路燈桿(已附掛市警局CCTV),2,東,2016-06-02,11:00:00,450.5,32.782898,7.25,116.19501,Thu
VTZY920,成功路四段,成功路(金龍路-康湖路)-成功路4段323巷口路燈桿(已附掛市警局CCTV),2,東,2016-06-02,12:00:00,475.0,32.496212,7.4749994,112.025,Thu
VTZY920,成功路四段,成功路(金龍路-康湖路)-成功路4段323巷口路燈桿(已附掛市警局CCTV),2,東,2016-06-02,13:00:00,495.5,31.22233,8.925,104.03999,Thu
VTZY920,成功路四段,成功路(金龍路-康湖路)-成功路4段323巷口路燈桿(已附掛市警局CCTV),2,東,2016-06-02,14:00:00,414.5,33.269524,5.955,112.515,Thu
VTZY920,成功路四段,成功路(金龍路-康湖路)-成功路4段323巷口路燈桿(已附掛市警局CCTV),2,東,2016-06-02,15:00:00,442.5,30.56745,7.535,105.575,Thu
VTZY920,成功路四段,成功路(金龍路-康湖路)-成功路4段323巷口路燈桿(已附掛市警局CCTV),2,東,2016-06-02,16:00:00,493.5,32.38428,7.3,104.085,Thu
VTZY920,成功路四段,成功路(金龍路-康湖路)-成功路4段323巷口路燈桿(已附掛市警局CCTV),2,東,2016-06-02,17:00:00,587.0,31.927095,8.225,98.285,Thu
VTZY920,成功路四段,成功路(金龍路-康湖路)-成功路4段323巷口路燈桿(已附掛市警局CCTV),2,東,2016-06-02,18:00:00,658.47455,29.539066,9.805,103.465,Thu
VTZY920,成功路四段,成功路(金龍路-康湖路)-成功路4段323巷口路燈桿(已附掛市警局CCTV),2,東,2016-06-02,19:00:00,768.0,31.87431,13.73,90.33,Thu
VTZY920,成功路四段,成功路(金龍路-康湖路)-成功路4段323巷口路燈桿(已附掛市警局CCTV),2,東,2016-06-02,20:00:00,773.7542,32.963352,9.965,98.325,Thu
VTZY920,成功路四段,成功路(金龍路-康湖路)-成功路4段323巷口路燈桿(已附掛市警局CCTV),2,東,2016-06-02,21:00:00,650.86206,32.418003,9.764999,106.75,Thu
VTZY920,成功路四段,成功路(金龍路-康湖路)-成功路4段323巷口路燈桿(已附掛市警局CCTV),2,東,2016-06-02,22:00:00,580.0,35.21752,6.705,99.935,Thu
VTZY920,成功路四段,成功路(金龍路-康湖路)-成功路4段323巷口路燈桿(已附掛市警局CCTV),2,東,2016-06-02,23:00:00,503.5,35.975384,5.475,114.81,Thu
VTZY920,成功路四段,成功路(金龍路-康湖路)-成功路4段323巷口路燈桿(已附掛市警局CCTV),2,東,2016-06-03,00:00:00,267.0,36.74355,2.24,111.51,Fri
VTZY920,成功路四段,成功路(金龍路-康湖路)-成功路4段323巷口路燈桿(已附掛市警局CCTV),2,東,2016-06-03,01:00:00,124.0,37.370083,1.2149999,108.899994,Fri
VTZY920,成功路四段,成功路(金龍路-康湖路)-成功路4段323巷口路燈桿(已附掛市警局CCTV),2,東,2016-06-03,02:00:00,84.5,38.831223,0.825,96.845,Fri
VTZY920,成功路四段,成功路(金龍路-康湖路)-成功路4段323巷口路燈桿(已附掛市警局CCTV),2,東,2016-06-03,03:00:00,61.0,38.22,0.65999997,82.759995,Fri
VTZY920,成功路四段,成功路(金龍路-康湖路)-成功路4段323巷口路燈桿(已附掛市警局CCTV),2,東,2016-06-03,04:00:00,53.38983,36.60902,0.45,68.74,Fri
VTZY920,成功路四段,成功路(金龍路-康湖路)-成功路4段323巷口路燈桿(已附掛市警局CCTV),2,東,2016-06-03,05:00:00,45.5,38.913776,0.365,72.265,Fri
VTZY920,成功路四段,成功路(金龍路-康湖路)-成功路4段323巷口路燈桿(已附掛市警局CCTV),2,東,2016-06-03,06:00:00,83.38983,34.113075,1.145,82.26,Fri
VTZY920,成功路四段,成功路(金龍路-康湖路)-成功路4段323巷口路燈桿(已附掛市警局CCTV),2,東,2016-06-03,07:00:00,183.5,36.622623,2.2150002,114.509995,Fri
VTZY920,成功路四段,成功路(金龍路-康湖路)-成功路4段323巷口路燈桿(已附掛市警局CCTV),2,東,2016-06-03,08:00:00,399.0,35.32629,5.15,90.2,Fri
VTZY920,成功路四段,成功路(金龍路-康湖路)-成功路4段323巷口路燈桿(已附掛市警局CCTV),2,東,2016-06-03,09:00:00,445.5,35.474724,6.81,98.195,Fri
VTZY920,成功路四段,成功路(金龍路-康湖路)-成功路4段323巷口路燈桿(已附掛市警局CCTV),2,東,2016-06-03,10:00:00,437.0,33.062218,6.0,100.30501,Fri
VTZY920,成功路四段,成功路(金龍路-康湖路)-成功路4段323巷口路燈桿(已附掛市警局CCTV),2,東,2016-06-03,11:00:00,456.5,33.63628,6.49,109.51,Fri
VTZY920,成功路四段,成功路(金龍路-康湖路)-成功路4段323巷口路燈桿(已附掛市警局CCTV),2,東,2016-06-03,12:00:00,527.0,32.03429,7.74,119.11,Fri
VTZY920,成功路四段,成功路(金龍路-康湖路)-成功路4段323巷口路燈桿(已附掛市警局CCTV),2,東,2016-06-03,13:00:00,517.6271,31.08644,6.875,118.685,Fri
VTZY920,成功路四段,成功路(金龍路-康湖路)-成功路4段323巷口路燈桿(已附掛市警局CCTV),2,東,2016-06-03,14:00:00,436.77966,30.339592,7.48,102.47,Fri
VTZY920,成功路四段,成功路(金龍路-康湖路)-成功路4段323巷口路燈桿(已附掛市警局CCTV),2,東,2016-06-03,15:00:00,430.0,31.96068,6.55,118.33,Fri
VTZY920,成功路四段,成功路(金龍路-康湖路)-成功路4段323巷口路燈桿(已附掛市警局CCTV),2,東,2016-06-03,16:00:00,507.96606,32.472874,8.514999,112.1,Fri
VTZY920,成功路四段,成功路(金龍路-康湖路)-成功路4段323巷口路燈桿(已附掛市警局CCTV),2,東,2016-06-03,17:00:00,600.5,32.557037,9.375,114.535,Fri
VTZY920,成功路四段,成功路(金龍路-康湖路)-成功路4段323巷口路燈桿(已附掛市警局CCTV),2,東,2016-06-03,18:00:00,697.0,28.978544,11.6,108.345,Fri
VTZY920,成功路四段,成功路(金龍路-康湖路)-成功路4段323巷口路燈桿(已附掛市警局CCTV),2,東,2016-06-03,19:00:00,782.0,28.527124,13.705,103.64,Fri
VTZY920,成功路四段,成功路(金龍路-康湖路)-成功路4段323巷口路燈桿(已附掛市警局CCTV),2,東,2016-06-03,20:00:00,703.5,33.06276,10.35,105.19501,Fri
VTZY920,成功路四段,成功路(金龍路-康湖路)-成功路4段323巷口路燈桿(已附掛市警局CCTV),2,東,2016-06-03,21:00:00,608.0,33.297874,7.645,101.95,Fri
VTZY920,成功路四段,成功路(金龍路-康湖路)-成功路4段323巷口路燈桿(已附掛市警局CCTV),2,東,2016-06-03,22:00:00,655.0,32.86624,8.56,103.9,Fri
VTZY920,成功路四段,成功路(金龍路-康湖路)-成功路4段323巷口路燈桿(已附掛市警局CCTV),2,東,2016-06-03,23:00:00,548.5,35.11782,6.715,110.31,Fri
VTZY920,成功路四段,成功路(金龍路-康湖路)-成功路4段323巷口路燈桿(已附掛市警局CCTV),2,東,2016-06-04,00:00:00,337.0,35.31635,5.0,127.2,Sat
VTZY920,成功路四段,成功路(金龍路-康湖路)-成功路4段323巷口路燈桿(已附掛市警局CCTV),2,東,2016-06-04,01:00:00,208.5,39.14015,2.335,130.04001,Sat
VTZY920,成功路四段,成功路(金龍路-康湖路)-成功路4段323巷口路燈桿(已附掛市警局CCTV),2,東,2016-06-04,02:00:00,132.5,39.80328,1.15,112.755,Sat
VTZY920,成功路四段,成功路(金龍路-康湖路)-成功路4段323巷口路燈桿(已附掛市警局CCTV),2,東,2016-06-04,03:00:00,63.0,38.388664,0.61,82.72,Sat
VTZY920,成功路四段,成功路(金龍路-康湖路)-成功路4段323巷口路燈桿(已附掛市警局CCTV),2,東,2016-06-04,04:00:00,53.5,35.63157,1.0899999,76.475,Sat
VTZY920,成功路四段,成功路(金龍路-康湖路)-成功路4段323巷口路燈桿(已附掛市警局CCTV),2,東,2016-06-04,05:00:00,47.796608,33.56478,0.64,67.835,Sat
VTZY920,成功路四段,成功路(金龍路-康湖路)-成功路4段323巷口路燈桿(已附掛市警局CCTV),2,東,2016-06-04,06:00:00,100.0,37.681915,1.425,101.805,Sat
VTZY920,成功路四段,成功路(金龍路-康湖路)-成功路4段323巷口路燈桿(已附掛市警局CCTV),2,東,2016-06-04,07:00:00,206.5,36.748863,3.0900002,124.42,Sat
VTZY920,成功路四段,成功路(金龍路-康湖路)-成功路4段323巷口路燈桿(已附掛市警局CCTV),2,東,2016-06-04,08:00:00,450.71185,35.892735,6.235,97.33,Sat
VTZY920,成功路四段,成功路(金龍路-康湖路)-成功路4段323巷口路燈桿(已附掛市警局CCTV),2,東,2016-06-04,09:00:00,525.5,35.12256,6.5699997,101.965,Sat
VTZY920,成功路四段,成功路(金龍路-康湖路)-成功路4段323巷口路燈桿(已附掛市警局CCTV),2,東,2016-06-04,10:00:00,545.5932,35.63221,6.075,96.75,Sat
VTZY920,成功路四段,成功路(金龍路-康湖路)-成功路4段323巷口路燈桿(已附掛市警局CCTV),2,東,2016-06-04,11:00:00,434.0,34.22578,5.73,118.79,Sat
VTZY920,成功路四段,成功路(金龍路-康湖路)-成功路4段323巷口路燈桿(已附掛市警局CCTV),2,東,2016-06-04,12:00:00,470.339,31.489323,6.91,112.195,Sat
VTZY920,成功路四段,成功路(金龍路-康湖路)-成功路4段323巷口路燈桿(已附掛市警局CCTV),2,東,2016-06-04,13:00:00,561.5,29.26859,8.725,102.81999,Sat
VTZY920,成功路四段,成功路(金龍路-康湖路)-成功路4段323巷口路燈桿(已附掛市警局CCTV),2,東,2016-06-04,14:00:00,512.0,30.918356,6.955,92.14,Sat
VTZY920,成功路四段,成功路(金龍路-康湖路)-成功路4段323巷口路燈桿(已附掛市警局CCTV),2,東,2016-06-04,15:00:00,524.0,31.964836,8.825,108.015,Sat
VTZY920,成功路四段,成功路(金龍路-康湖路)-成功路4段323巷口路燈桿(已附掛市警局CCTV),2,東,2016-06-04,16:00:00,627.73724,33.25393,8.68,97.65,Sat
VTZY920,成功路四段,成功路(金龍路-康湖路)-成功路4段323巷口路燈桿(已附掛市警局CCTV),2,東,2016-06-04,17:00:00,579.0,32.030724,11.04,99.535,Sat
VTZY920,成功路四段,成功路(金龍路-康湖路)-成功路4段323巷口路燈桿(已附掛市警局CCTV),2,東,2016-06-04,18:00:00,679.0,28.458218,12.549999,112.825,Sat
VTZY920,成功路四段,成功路(金龍路-康湖路)-成功路4段323巷口路燈桿(已附掛市警局CCTV),2,東,2016-06-04,19:00:00,731.5,29.309124,9.575,107.91501,Sat
VTZY920,成功路四段,成功路(金龍路-康湖路)-成功路4段323巷口路燈桿(已附掛市警局CCTV),2,東,2016-06-04,20:00:00,720.0,31.613728,11.02,105.78999,Sat
VTZY920,成功路四段,成功路(金龍路-康湖路)-成功路4段323巷口路燈桿(已附掛市警局CCTV),2,東,2016-06-04,21:00:00,651.0,30.526854,8.79,109.57001,Sat
VTZY920,成功路四段,成功路(金龍路-康湖路)-成功路4段323巷口路燈桿(已附掛市警局CCTV),2,東,2016-06-04,22:00:00,633.0,34.807262,8.04,94.94,Sat
VTZY920,成功路四段,成功路(金龍路-康湖路)-成功路4段323巷口路燈桿(已附掛市警局CCTV),2,東,2016-06-04,23:00:00,540.0,33.11279,6.375,123.525,Sat
VTZY920,成功路四段,成功路(金龍路-康湖路)-成功路4段323巷口路燈桿(已附掛市警局CCTV),2,東,2016-06-05,00:00:00,346.77966,37.302418,3.545,116.65,Sun
VTZY920,成功路四段,成功路(金龍路-康湖路)-成功路4段323巷口路燈桿(已附掛市警局CCTV),2,東,2016-06-05,01:00:00,202.5,38.56005,1.8050001,122.034996,Sun
VTZY920,成功路四段,成功路(金龍路-康湖路)-成功路4段323巷口路燈桿(已附掛市警局CCTV),2,東,2016-06-05,02:00:00,143.5,38.727627,1.0550001,123.100006,Sun
VTZY920,成功路四段,成功路(金龍路-康湖路)-成功路4段323巷口路燈桿(已附掛市警局CCTV),2,東,2016-06-05,03:00:00,103.0,39.885555,1.825,93.66,Sun
VTZY920,成功路四段,成功路(金龍路-康湖路)-成功路4段323巷口路燈桿(已附掛市警局CCTV),2,東,2016-06-05,04:00:00,69.66102,36.97231,0.44,92.61,Sun
VTZY920,成功路四段,成功路(金龍路-康湖路)-成功路4段323巷口路燈桿(已附掛市警局CCTV),2,東,2016-06-05,05:00:00,43.220337,38.562195,0.225,65.275,Sun
VTZY920,成功路四段,成功路(金龍路-康湖路)-成功路4段323巷口路燈桿(已附掛市警局CCTV),2,東,2016-06-05,06:00:00,75.0,35.53521,1.325,87.3,Sun
VTZY920,成功路四段,成功路(金龍路-康湖路)-成功路4段323巷口路燈桿(已附掛市警局CCTV),2,東,2016-06-05,07:00:00,136.5,35.772324,1.82,117.585,Sun
VTZY920,成功路四段,成功路(金龍路-康湖路)-成功路4段323巷口路燈桿(已附掛市警局CCTV),2,東,2016-06-05,08:00:00,282.5,33.71687,4.3,119.085,Sun
VTZY920,成功路四段,成功路(金龍路-康湖路)-成功路4段323巷口路燈桿(已附掛市警局CCTV),2,東,2016-06-05,09:00:00,366.0,34.38234,4.625,88.54,Sun
VTZY920,成功路四段,成功路(金龍路-康湖路)-成功路4段323巷口路燈桿(已附掛市警局CCTV),2,東,2016-06-05,10:00:00,446.5,33.17222,6.615,92.085,Sun
VTZY920,成功路四段,成功路(金龍路-康湖路)-成功路4段323巷口路燈桿(已附掛市警局CCTV),2,東,2016-06-05,11:00:00,577.5,32.563175,7.575,111.515,Sun
VTZY920,成功路四段,成功路(金龍路-康湖路)-成功路4段323巷口路燈桿(已附掛市警局CCTV),2,東,2016-06-05,12:00:00,432.0,29.834,6.9300003,116.0,Sun
VTZY920,成功路四段,成功路(金龍路-康湖路)-成功路4段323巷口路燈桿(已附掛市警局CCTV),2,東,2016-06-05,13:00:00,575.0,30.994797,10.639999,107.865,Sun
VTZY920,成功路四段,成功路(金龍路-康湖路)-成功路4段323巷口路燈桿(已附掛市警局CCTV),2,東,2016-06-05,14:00:00,607.0,32.151947,8.425,106.715,Sun
VTZY920,成功路四段,成功路(金龍路-康湖路)-成功路4段323巷口路燈桿(已附掛市警局CCTV),2,東,2016-06-05,15:00:00,634.38983,33.03299,10.665,74.255,Sun
VTZY920,成功路四段,成功路(金龍路-康湖路)-成功路4段323巷口路燈桿(已附掛市警局CCTV),2,東,2016-06-05,16:00:00,499.5,33.244347,6.6,82.735,Sun
VTZY920,成功路四段,成功路(金龍路-康湖路)-成功路4段323巷口路燈桿(已附掛市警局CCTV),2,東,2016-06-05,17:00:00,570.0,31.065048,8.21,92.875,Sun
VTZY920,成功路四段,成功路(金龍路-康湖路)-成功路4段323巷口路燈桿(已附掛市警局CCTV),2,東,2016-06-05,18:00:00,617.5,30.68207,10.264999,95.634995,Sun
VTZY920,成功路四段,成功路(金龍路-康湖路)-成功路4段323巷口路燈桿(已附掛市警局CCTV),2,東,2016-06-05,19:00:00,368.0,29.451677,6.13,81.46,Sun
VTZY920,成功路四段,成功路(金龍路-康湖路)-成功路4段323巷口路燈桿(已附掛市警局CCTV),2,東,2016-06-05,20:00:00,598.0,30.201529,7.715,112.375,Sun
VTZY920,成功路四段,成功路(金龍路-康湖路)-成功路4段323巷口路燈桿(已附掛市警局CCTV),2,東,2016-06-05,21:00:00,559.5,33.702118,6.315,107.795,Sun
VTZY920,成功路四段,成功路(金龍路-康湖路)-成功路4段323巷口路燈桿(已附掛市警局CCTV),2,東,2016-06-05,22:00:00,512.5,35.198128,5.91,110.125,Sun
VTZY920,成功路四段,成功路(金龍路-康湖路)-成功路4段323巷口路燈桿(已附掛市警局CCTV),2,東,2016-06-05,23:00:00,375.5,34.79837,4.06,131.59,Sun
VTZY920,成功路四段,成功路(金龍路-康湖路)-成功路4段323巷口路燈桿(已附掛市警局CCTV),2,東,2016-06-06,00:00:00,228.5,36.047268,2.72,116.65,Mon
VTZY920,成功路四段,成功路(金龍路-康湖路)-成功路4段323巷口路燈桿(已附掛市警局CCTV),2,東,2016-06-06,01:00:00,140.5,41.24706,0.875,103.990005,Mon
VTZY920,成功路四段,成功路(金龍路-康湖路)-成功路4段323巷口路燈桿(已附掛市警局CCTV),2,東,2016-06-06,02:00:00,78.5,37.039474,0.80999994,92.29,Mon
VTZY920,成功路四段,成功路(金龍路-康湖路)-成功路4段323巷口路燈桿(已附掛市警局CCTV),2,東,2016-06-06,03:00:00,35.0,38.295883,0.185,52.675,Mon
VTZY920,成功路四段,成功路(金龍路-康湖路)-成功路4段323巷口路燈桿(已附掛市警局CCTV),2,東,2016-06-06,04:00:00,44.5,40.347904,0.23,64.105,Mon
VTZY920,成功路四段,成功路(金龍路-康湖路)-成功路4段323巷口路燈桿(已附掛市警局CCTV),2,東,2016-06-06,05:00:00,30.517242,40.071037,0.1,50.195,Mon
VTZY920,成功路四段,成功路(金龍路-康湖路)-成功路4段323巷口路燈桿(已附掛市警局CCTV),2,東,2016-06-06,06:00:00,90.0,35.393337,1.65,100.134995,Mon
VTZY920,成功路四段,成功路(金龍路-康湖路)-成功路4段323巷口路燈桿(已附掛市警局CCTV),2,東,2016-06-06,07:00:00,184.0,38.413223,2.03,125.35,Mon
VTZY920,成功路四段,成功路(金龍路-康湖路)-成功路4段323巷口路燈桿(已附掛市警局CCTV),2,東,2016-06-06,08:00:00,491.05933,35.191463,7.9399996,102.425,Mon
VTZY920,成功路四段,成功路(金龍路-康湖路)-成功路4段323巷口路燈桿(已附掛市警局CCTV),2,東,2016-06-06,09:00:00,394.5,35.6591,6.165,107.11,Mon
VTZY920,成功路四段,成功路(金龍路-康湖路)-成功路4段323巷口路燈桿(已附掛市警局CCTV),2,東,2016-06-06,10:00:00,452.0,34.38943,7.41,99.065,Mon
VTZY920,成功路四段,成功路(金龍路-康湖路)-成功路4段323巷口路燈桿(已附掛市警局CCTV),2,東,2016-06-06,11:00:00,454.5,33.960197,5.98,116.5,Mon
VTZY920,成功路四段,成功路(金龍路-康湖路)-成功路4段323巷口路燈桿(已附掛市警局CCTV),2,東,2016-06-06,12:00:00,454.5,32.360874,7.15,101.955,Mon
VTZY920,成功路四段,成功路(金龍路-康湖路)-成功路4段323巷口路燈桿(已附掛市警局CCTV),2,東,2016-06-06,13:00:00,502.5,33.375443,8.514999,100.15,Mon
VTZY920,成功路四段,成功路(金龍路-康湖路)-成功路4段323巷口路燈桿(已附掛市警局CCTV),2,東,2016-06-06,14:00:00,447.5,32.271374,7.25,101.225006,Mon
VTZY920,成功路四段,成功路(金龍路-康湖路)-成功路4段323巷口路燈桿(已附掛市警局CCTV),2,東,2016-06-06,15:00:00,440.5,33.76366,5.705,108.049995,Mon
VTZY920,成功路四段,成功路(金龍路-康湖路)-成功路4段323巷口路燈桿(已附掛市警局CCTV),2,東,2016-06-06,16:00:00,512.0339,34.010777,7.4400005,97.405,Mon
VTZY920,成功路四段,成功路(金龍路-康湖路)-成功路4段323巷口路燈桿(已附掛市警局CCTV),2,東,2016-06-06,17:00:00,557.5,31.272963,8.405,96.935,Mon
VTZY920,成功路四段,成功路(金龍路-康湖路)-成功路4段323巷口路燈桿(已附掛市警局CCTV),2,東,2016-06-06,18:00:00,681.0,31.83696,10.424999,114.235,Mon
VTZY920,成功路四段,成功路(金龍路-康湖路)-成功路4段323巷口路燈桿(已附掛市警局CCTV),2,東,2016-06-06,19:00:00,727.5,27.942444,13.475,107.755,Mon
VTZY920,成功路四段,成功路(金龍路-康湖路)-成功路4段323巷口路燈桿(已附掛市警局CCTV),2,東,2016-06-06,20:00:00,838.0,34.02949,11.645,101.625,Mon
VTZY920,成功路四段,成功路(金龍路-康湖路)-成功路4段323巷口路燈桿(已附掛市警局CCTV),2,東,2016-06-06,21:00:00,686.79663,32.99807,10.075,102.155,Mon
VTZY920,成功路四段,成功路(金龍路-康湖路)-成功路4段323巷口路燈桿(已附掛市警局CCTV),2,東,2016-06-06,22:00:00,634.0,34.080544,8.11,111.175,Mon
VTZY920,成功路四段,成功路(金龍路-康湖路)-成功路4段323巷口路燈桿(已附掛市警局CCTV),2,東,2016-06-06,23:00:00,485.5,36.46389,5.035,125.485,Mon
VTZY920,成功路四段,成功路(金龍路-康湖路)-成功路4段323巷口路燈桿(已附掛市警局CCTV),2,東,2016-06-07,00:00:00,300.0,37.28946,3.33,131.15,Tue
VTZY920,成功路四段,成功路(金龍路-康湖路)-成功路4段323巷口路燈桿(已附掛市警局CCTV),2,東,2016-06-07,01:00:00,142.5,36.896664,1.485,114.59,Tue
VTZY920,成功路四段,成功路(金龍路-康湖路)-成功路4段323巷口路燈桿(已附掛市警局CCTV),2,東,2016-06-07,02:00:00,91.0,38.728203,0.6,122.15,Tue
VTZY920,成功路四段,成功路(金龍路-康湖路)-成功路4段323巷口路燈桿(已附掛市警局CCTV),2,東,2016-06-07,03:00:00,48.0,40.212128,0.16,79.24,Tue
VTZY920,成功路四段,成功路(金龍路-康湖路)-成功路4段323巷口路燈桿(已附掛市警局CCTV),2,東,2016-06-07,04:00:00,31.0,40.805485,0.14,50.175,Tue
VTZY920,成功路四段,成功路(金龍路-康湖路)-成功路4段323巷口路燈桿(已附掛市警局CCTV),2,東,2016-06-07,05:00:00,40.0,39.74282,0.37,62.735,Tue
VTZY920,成功路四段,成功路(金龍路-康湖路)-成功路4段323巷口路燈桿(已附掛市警局CCTV),2,東,2016-06-07,06:00:00,87.966095,35.51542,0.99,95.82001,Tue
VTZY920,成功路四段,成功路(金龍路-康湖路)-成功路4段323巷口路燈桿(已附掛市警局CCTV),2,東,2016-06-07,07:00:00,190.5,36.153255,2.9,124.665,Tue
VTZY920,成功路四段,成功路(金龍路-康湖路)-成功路4段323巷口路燈桿(已附掛市警局CCTV),2,東,2016-06-07,08:00:00,437.0,33.97044,6.365,83.145004,Tue
VTZY920,成功路四段,成功路(金龍路-康湖路)-成功路4段323巷口路燈桿(已附掛市警局CCTV),2,東,2016-06-07,09:00:00,455.0,35.341545,6.58,97.19,Tue
VTZY920,成功路四段,成功路(金龍路-康湖路)-成功路4段323巷口路燈桿(已附掛市警局CCTV),2,東,2016-06-07,10:00:00,501.0,34.296608,7.3099995,98.9,Tue
VTZY920,成功路四段,成功路(金龍路-康湖路)-成功路4段323巷口路燈桿(已附掛市警局CCTV),2,東,2016-06-07,11:00:00,475.0,36.444386,5.315,88.65,Tue
VTZY920,成功路四段,成功路(金龍路-康湖路)-成功路4段323巷口路燈桿(已附掛市警局CCTV),2,東,2016-06-07,12:00:00,472.0,33.5014,7.44,109.990005,Tue
VTZY920,成功路四段,成功路(金龍路-康湖路)-成功路4段323巷口路燈桿(已附掛市警局CCTV),2,東,2016-06-07,13:00:00,502.0,31.478905,7.175,96.950005,Tue
VTZY920,成功路四段,成功路(金龍路-康湖路)-成功路4段323巷口路燈桿(已附掛市警局CCTV),2,東,2016-06-07,14:00:00,454.7373,32.702194,6.6800003,114.16,Tue
VTZY920,成功路四段,成功路(金龍路-康湖路)-成功路4段323巷口路燈桿(已附掛市警局CCTV),2,東,2016-06-07,15:00:00,499.5,32.151024,6.455,93.61,Tue
VTZY920,成功路四段,成功路(金龍路-康湖路)-成功路4段323巷口路燈桿(已附掛市警局CCTV),2,東,2016-06-07,16:00:00,609.6842,34.466167,9.684999,95.994995,Tue
VTZY920,成功路四段,成功路(金龍路-康湖路)-成功路4段323巷口路燈桿(已附掛市警局CCTV),2,東,2016-06-07,17:00:00,536.5,32.41947,8.125,97.725,Tue
VTZY920,成功路四段,成功路(金龍路-康湖路)-成功路4段323巷口路燈桿(已附掛市警局CCTV),2,東,2016-06-07,18:00:00,727.0,28.669058,16.18,92.825,Tue
VTZY920,成功路四段,成功路(金龍路-康湖路)-成功路4段323巷口路燈桿(已附掛市警局CCTV),2,東,2016-06-07,19:00:00,804.0,29.179638,15.625,100.895,Tue
VTZY920,成功路四段,成功路(金龍路-康湖路)-成功路4段323巷口路燈桿(已附掛市警局CCTV),2,東,2016-06-07,20:00:00,817.5,32.581406,11.83,112.305,Tue
VTZY920,成功路四段,成功路(金龍路-康湖路)-成功路4段323巷口路燈桿(已附掛市警局CCTV),2,東,2016-06-07,21:00:00,705.0,33.175793,8.26,104.785,Tue
VTZY920,成功路四段,成功路(金龍路-康湖路)-成功路4段323巷口路燈桿(已附掛市警局CCTV),2,東,2016-06-07,22:00:00,572.0,33.88841,7.6400003,97.024994,Tue
VTZY920,成功路四段,成功路(金龍路-康湖路)-成功路4段323巷口路燈桿(已附掛市警局CCTV),2,東,2016-06-07,23:00:00,512.5,35.891273,5.385,112.25,Tue